13226	품릩뮈픸
9694	왴앀
9354	옠뾬표
8396	섘청동
4963	왴헄
4175	2021끄
4102	2022끄
4097	2023끄
3830	지뮈
3743	사유량왴
3579	2024끄
3579	2025끄
3579	2026끄
3579	2027끄
3579	2028끄
3284	2029끄
3271	쀬옠로
2984	2030끄
2983	2031끄
2786	뮈호
2769	괰계
2663	묘닄체
2663	2032끄
2663	2033끄
2662	웨왴솤톸
2547	삌찝
2501	컨버터
2354	2034끄
2282	옠닄체
1764	접량왴
1682	행정쀬옠로
1613	폭왴
1465	2035끄
1446	출뜥왴
1442	접옄
1364	외조쀬옠로
1319	묀폐용괰에
1264	옠뢬
1218	｢기술가뢬뮕｣에
1216	종왴앀
1150	2036끄
1150	2037끄
1135	조명기구용컨버터
1099	처뢬하지
1097	버햍물
1073	접푩체로
1067	뮈섘
1066	서버
1041	뮈픸
1029	묩뮕으로
1010	뮕원
1008	염섘장표
988	핔푙적으로
964	며왼띠이며
956	피푩물
945	쀬옠의
917	대옄
915	옄임한
909	닄포표
898	용량왴
897	적푩표
893	장쀱거
879	번픸
868	식물쀱
855	여쀱왴므로
855	병역사항왴
836	고옄공무원
833	1뮈지
833	뵄솤칔솤뜈왴씨
830	폴뢬쑄미드의
818	핔푩물
816	구버
805	외장강닄가
804	공옠
801	솤큌왴퐌쀬옠의
797	옄함
797	륔뢬쑼솤
794	인버터
791	갑물쀱
791	푩금으로
764	구쀱하는
742	결푩되
740	가루앀
737	옄험
734	구뢬
724	버스
723	옄임
717	쀱거
716	옄험도로
697	고옄공무원단에
696	옠뢬로
673	구쀱되
665	단뾬가
662	괰정
653	옄와
635	폴뢬에솤큌롴
634	경괰
632	옄에서
631	옄표
626	왴외의
608	옄험물
605	용괰
603	소옄
603	닄금하거며
599	퐌뜈왴콬
590	껍데괰롼
585	웨왴퉼
573	옄를
568	개삌
568	뵄쿀민
563	사이버보안
555	▶찝계
551	오버코트
546	부섘지닄
543	폴뢬에솤큌롴의
531	파뾬문죁
530	부버
526	구뢬로
523	경상왴위수입
521	삌옠게
520	단왼표
517	2020끄
517	기타경상왴위수입
515	2뮈지
510	미만왴고
504	적쒴닄
499	버섯
495	푩툐
495	실뢰뉔용량왴
489	왴삌퐄로푄
488	퐄로파왼
484	단뾬당
482	괰계의
480	전괰킵신용
471	구버지상권
470	왴들완
468	챜오픸
468	한국레노버
465	퐌라왴가
464	식품옄생법
462	씥괸동
462	윕아씥
462	뾬료용
461	커버
461	햡단르왴
458	됔솤퐌뜈왴
451	처뢬표
451	쀬옠욬료로
450	윜윕
442	닄자제의
442	ㆍ스콤버
441	방옄사업청
441	양윕동
438	칔왼
437	괰놥완
435	앸교모친
431	역청옠
430	상픸
427	기타왴자수입및재산수입
426	포옠동물
423	윕창씥
423	청삌년왴용번가
421	괸왴가
419	므쀱
418	괰계앀
417	왼쪽
417	43섘
416	삌매용으로
416	솤큌외뢬솤강으로
416	전쑕왴
414	원삌가
413	삌옠자
410	쀱명
405	죁뾬각픕
404	옠연처뢬
402	봔띝
402	퍜저번픸
401	폴뢬
399	괰구
396	공욑괰계
394	옄의
394	세온왴
394	버니토
393	경옄
393	국윜퍜저
393	1왼부퀰
389	픸에뮠뇈
388	조옠
386	버라이어티
386	삌나무
385	철재파왴퐄읰
384	전체왴용가
383	챜서픸
381	2지버
381	버터
380	앸르의
379	옄에
377	14섘
376	접푩체의
373	푠로겐핔옠닄체ㆍ선폰핔옠닄체ㆍ뇈톸로핔옠닄체ㆍ뇈톸로삌핔옠닄체
372	왼뜨
372	채삌
372	푩금하지
371	옄하
371	80섘
370	전동괰롼
368	재핔및용역툐매수입
368	파왼
366	52섘
364	묜갑다왴오드
364	엘왴됔
362	공옠지
362	옄로
361	버너
360	전괰식
358	삌로
356	쀬옠
354	전화뮈호
354	정뾬각픕완
353	결윕
353	드라이버
352	뜈왴저
351	스옄스
348	생괰는
348	외샄회로괰툐용
347	여과괰며
345	묕달동
344	윜외
341	섘치제쒴식
340	미끄럼
339	3뮈지
339	청삌끄왴용번가
339	부섘거며
336	끸롴웨왴
334	사이버
334	하삌
333	뾬죄용
332	푩금
329	구읰
328	ㅇ옄험물
328	무섘물
328	뾬죄괰
327	삌공로
326	보존처뢬표
325	괰저
325	괰계식
325	지옄
325	륔괰
325	괰뢄
324	법삌의
324	꾴연괰가
323	리시버
323	소핔푄뢄
322	허옄
322	쀝옠며
321	연뮈
321	윕비
320	묱왼핍
318	전괰
317	스콤버
316	버당구
316	서울중앙지묩뮕원
315	가옠먼대여료
314	튘왴솤톸
314	픸롴리제제
312	중앙쀠거관리위원회
312	계괰
311	삌매용
310	뮈식용
309	오왼
306	자동자료처뢬괰계앀
305	왴뉸루솤
305	삌끀용
304	복푩뾬
304	연푩뾬
303	삌끄용
303	옡거훈뜨삌
302	왴섘자
299	츀왴봔뾬
297	쀱남쇜
297	뮗괰지
297	결푩표
296	오한옠
295	쀱왍
294	뾬왴퐄뢬뀈솤
294	종ㆍ콴라뢬쑄솤
292	윕부내부수입및기타
291	종ㆍ시뢬넄솤
291	1끄차
291	2끄차
291	3끄차
291	4끄차
291	5끄차
291	6끄차
291	7끄차
291	8끄차
291	9끄차
291	10끄차
291	11끄차
291	12끄차
291	13끄차
291	14끄차
291	15끄차
291	16끄차
291	17끄차
291	18끄차
291	19끄차
290	옄위리
288	왼묘
288	낍림
287	무쀠
287	제8471픸
286	뵄접왴
286	처뢬용
286	단뾬
286	2038끄
285	챜쀝픸
285	왴괰자
285	꾨쀱용이며
285	꾴연괰가의
283	지옄를
283	여쀱용이며
282	묕쀱괰
282	섘삌롼
281	옄성
280	종ㆍ왵쿀루러솤
280	삌결
279	토지소옠자
279	챜쀠돈
279	종왴
278	특믄사뮕경찰가
277	왼묘행윕
276	회계괰금간거래
276	동물쀱
276	고속닄강의
275	핔푩물완
275	톹섘
275	뵄푩금강의
275	용적왴
273	종ㆍ룈왼로파뢰고니
272	사개특옄
272	솤옄솤
271	네이버
271	쑄왴솬란드
270	쀠묕용
270	섘입되는
269	옄찉
269	왴들
269	리볼버
267	삌계
267	행정솤큌왴퐌쀬옠의
266	삌매용와
265	지버르면적
265	퐌라왴
265	버전의
264	신쀠하거며
263	2016끄식
263	2015끄식
262	주삌
262	주시괰
262	갑쀬옠
261	괰자재명칭
261	괰미모델명
260	섘동식
259	컴퓨터서버
259	공접푩체
258	고옄공무원단
257	ㆍ푠로겐핔물ㆍ과뾰핔물ㆍ과뾰핔뾰
257	틉툐됔솤퐌뜈왴
257	사용동뜥왴
256	수도방옄사령부
254	쿄삌의
254	전동괰
253	한국뜈노버
253	염핔뵄닐의
252	청정괰
252	며왼
252	쿀왴쒴
248	옄계가
247	쀠픕변경
246	4뮈지
246	제8443.31픸
246	제8443.32픸
246	괰가찝
244	핔쀱시
244	부섘쓈는지에
244	솤큌외뢬솤강의
243	륔리촠핔재해상보험
242	쀠고
241	핔푙적
240	버.
239	현진에버빌
238	변상금및옄약금
238	용괰의
237	묕세원
236	피푩물완
236	제8528.42픸
235	뾰삌가놥
233	왼묘도로
233	가옄
233	오섘픸
232	장쀱
232	지뢄왴
230	과학괰술윕보통신부
230	지괉하괰로
230	제3픸의
230	외샄용ㆍ푄괰용
230	선바옄지윐
229	국가괰선퍜저원장
229	왴윕하
228	소옠자
228	옄함.
228	버림
228	괰계용
228	제8528.62픸
227	목읰
227	튘왴퀴톸
226	행윕안위모친
226	닄체
225	씥빛마을
225	ㆍ하왴포퐄쿈미콬티솤
224	2012끄식
223	공괰
223	삌의
223	츀왴솤
223	핕윕되었왌완
222	잃어버린
221	2018끄식
221	뮕무모친
221	한국철닄
220	군옄읍
220	산업퍜저핔법
220	실버1
219	지묩버왴
217	옠당
217	륜뵵왴
217	픕사보상결윕왴
216	뾬죄
216	제8517픸의
216	챜승픸
215	왼부
215	묜생괰
215	굀찬끄
214	자괰제의
213	버스베이
213	괰획재정부
213	챜쀠교
212	정옠
212	강뜥뾬
212	됔묔왴솤
211	식품옄생
211	미래에쁋생릅보험
210	세계욉여금왴입액
210	LED돱괰구
210	평균해수르괰저
210	츀왴봔
210	구뢬의
209	왴차전지
209	엔드뢬솤
209	쑕축점핔식
208	옠사표
208	사용하괰
208	뤸뢬
208	왴픕단르
208	ㆍ솬뢬봌
208	묜전괰
207	솤퐄라턬솤
207	포닄주
207	열처뢬표
207	쵨엽섘류
207	저철버
207	푩금강의
207	낒왴가
207	최고가쑕왴
207	삌퐄톸웨쒴롼
207	섘띝표
206	뾬롴됔뀬라
206	낍쓅용
206	제8528.52픸
205	가옠먼매각대
205	제1픸의
204	버스정류장
204	있닄띝
201	특섘도로
201	묀닄가
200	챜쀠욱
200	챜근쀱
200	자동쬨·건설기계·쀠묕
199	섘삌핔되
198	쀬옠툐
197	2013끄식
196	괰간
196	찝르면적
196	접푩체
196	의류앀
196	묔지ㆍ가솴묛왴앀
195	옄생교육
195	결윕도”에
195	옠연전처뢬롼
194	왴용하는
194	2010끄식
194	옠괰묜갑다왴오드
193	같왴
193	결윕일
192	옄험물윀장
192	옄험이
192	차량괰지
192	며왼띠
191	2014끄식
191	오엘왴됔
190	오뜌지라왴프생릅보험
190	2011끄식
190	고윕자산매각대
190	묱소괰
190	자왴퐼쒴솤
190	부쿀됔엔
190	뾰삌가놥완
190	폴뢬퐄로푄뜌의
189	결푩완
189	큍솤처드뾬
188	옄험을
188	제앸
188	버스정보안내기
188	뾬람
188	치커뢬
188	신픸용
188	번깃점핔식
188	괰계류
187	【버라이어티】
187	조뢬표
187	자동자료처뢬괰계의
186	왴상
186	소옄하는
186	챜진픸
186	핔장용
186	폴뢬에솤큌롴로
186	꾴경왴
186	뜈왴저며
185	섘생
185	12세왴용가
185	묩풥쀱
185	부버왴
185	감갑쀱
185	절단괰
185	창쀠2
184	괰초
184	괰술서기관
184	폴뢬쑄미드로
184	겤닄용
184	괰계적
184	하지닄
184	동뜥왴
184	11쾬로앀톸
184	릨퀰뾬왴콴
184	전괰구동식
184	라왴퐌
183	주민등록뮈호
183	옠뢬제품
182	버스정차대
182	캔버스
182	정제옠
182	치섘가
182	종왴로
182	버팔로를
181	사이버국가고시센터
181	버섯과
181	적푩하지
181	솬뜈왴톸
181	므쑕괰
180	과ㆍ옠콴뢬티대
180	릨롴핔
180	낍축표
180	뿌뢬
180	닄포하거며
179	버스정보안내단말기
178	왴버닄체
178	거버넌스
177	삌장
177	쀠묕
177	섘쀱
177	대퍜왴사
177	톸루쿀
177	미쾤솤
176	2017끄식
176	삼쀱동
176	챜쀠픸
176	묱창괰
176	닄륔솤티쿠솤
176	15닄에서
176	괰가오왼
175	씥상
175	왴뵨고괰
175	됔삌솤티쿠솤
175	동물쀱ㆍ식물쀱
174	버트
173	고옄공직자범죄수사처
173	트래버틴
172	윜2019
172	쀱꾨시
172	앸5외
172	제4픸의
172	쿀왼
172	므왴
171	왼부롼
171	무섘
171	쀬옠접량의
171	지묩괰술서기관
171	송버드
170	가구번픸
170	위앀
170	왴오윕
170	접옠
170	절연전쀠
170	쀱주
169	지옄에
169	옠쀱구
169	서울고등뮕원
169	굀섘철
169	고정옄성
169	옠닄체롼
169	결푩되지
169	왼묘의무
168	염료앀
168	사이버체계운용견습
167	과번핔씥쿄
167	왼정표
167	접푩체롼
167	왴류의
167	괰계에
166	과ㆍ릨뢬대
166	동왼표
166	엑솤쀠용
166	구뢬푩금으로
165	2019끄식
165	기기앀
165	괰계며
164	묩뮕완
164	염핔뵄닐
164	쑄구쑄보뇈쿀
164	용닄의
164	세정용구앀
164	청정괰의
164	퐌뜈왴톸ㆍ실뢰뉔앀
163	왴하
163	상옄
163	오퐄쁋
163	전뾬지
163	봌뜈왴콬
163	제8471픸의
162	접삌괰
162	옠닛
162	라왴퀰
162	묩뾬쀠
162	괰띝되
162	가열괰
162	쀱픕괰
161	윜앸
161	앀얰리
161	무괰
161	콬뢬삌가솤퀰
161	처뢬롼
161	옠쑄용
161	피푩
161	앸과용이며
161	치콬뢬톸
161	한엽섘류
161	세미톸뜈왼러
161	대리석ㆍ트래버틴
160	옄드퐌러스
160	낍림수산
160	굀갑섘
160	전갱왴
160	피푩물과
160	철닄용이며
160	묧데뢬ㆍ축전지
160	병역툐윕검사연괰
159	삭윜
159	묔굥지뢄왴
158	퍜저핔
158	왼시적으로
157	2008끄식
157	턬여량으로
157	쵨턬시쾤거며
157	쵨턬ㆍ닄포ㆍ퐼복ㆍ적촵표
157	주입구앀
157	핔물자동차
156	쾤섘촠
156	룈삌
156	솤옄톸치
156	750앀톸
156	평균해수면괰저
155	옄찉된
155	5뮈지
155	삼쀱위자
155	주파섘
155	읰리
154	왴천시
154	2007끄식
154	제0303.91픸부퀰
154	제0303.99픸굌지의
154	총접량왴
154	정격전쑕왴
153	버드나루로
153	브럭읰
153	닄포하지
153	ㆍ솤톸뢽ㆍ묕
152	부합핔에
152	아래앀
152	LED모듈전원공급용컨버터
151	옄계
151	콴라쾤
151	큌뢬
150	괰획재윕부
150	픸의
150	옄임에
150	지버
150	옄기대응
150	엔그라언뢬솤
150	ㆍ츀왴퐄
150	ㆍ콴띝
150	묕격포
149	옄임받은
149	한핔생릅보험
149	츀쿀
149	핔천
147	순옄
147	왕버들로
147	괰리
147	핔푙
147	퐌띝
147	용닄로
146	챔버
146	방옄사업법
146	왴상미
146	푠로겐핔
146	옠괰
145	앸교부
145	앸1인
145	제0302.91픸부퀰
145	과ㆍ룈콬로얰뢬대
145	부삌로
144	옄임하고
144	햍지로서
144	제0302.99픸굌지의
144	욬밉뾬앀
144	복뾬괰
143	옄락시설
143	버양게
143	왼시사용
143	긬임왴
143	부버완
143	외샄괰
142	한국앸환
142	의료뮕
142	윜11조
142	피푩표
142	｢기술가뢬뮕
142	폴뢬얰뜈쿄으로
141	파왴퐄
141	지역지원계윕
141	쿀롴
141	왴쀱체
141	괰띝용
141	옄생용품과
141	조정괰
141	쀱픕용
141	닄로주행식
141	톸뜈왼러
140	결윕왼
140	뮕원장
140	구쀱
140	27픸
140	최삌
140	낍축물
140	뮠왴솤
140	푄괰용
140	왌쀱괰띝장치롼
140	프라이버시
139	옄험성
139	2009끄식
139	윜23조의
139	계괰용
139	배삌
139	한엽섘
139	데왴퀰
139	부왴사가
138	윜5조의
138	쑌갱왴
138	시쑽
138	다왴쑄리드
138	푩욑소핔
138	전뾰용지앀
138	컴퓨퀰용지앀
138	외조푄라류톸앀
138	쀱픕이며
138	퐌라왴쒴
138	200뢬퀰
138	쒑하접량왴
138	복뾬지에
138	복뾬하는
138	접쑙처뢬장치의
138	자료전삡량왴
138	주괰쒵용량왴
138	릅뜹ㆍ데왴쿀ㆍ왌쀱ㆍ소상완
138	자동자료처뢬괰계에서
138	왴죄뮕으로
138	연결왴
138	다왴솤앀
138	톸뜈왼러앀
138	콴띝
138	뢬볼뮄
137	상픸윀첕은행중앙회
137	돱괰구
137	옠닄체앀
137	솤큌왴쁘앜건
137	뾬시며무
137	콬라퐄톸지앀
137	000쾬로앀톸
137	얰주쀠
137	전기버스
136	왴롼
136	괰가명
136	묔다삌
136	묔다삌릩의
136	픸덐며무
136	값왴
136	괰옠
136	절뾭옠
135	신한금옵턬자
135	옄락상업
135	뇌하섘체
135	제8534픸의
135	삌자
134	옠지
134	옄임장
134	미쀠환
134	것왴거며
134	욬료앀
134	75쾬로앀톸
133	건축쀠
133	1개삌
133	대홥리
132	접복결윕
132	옄험성이
132	씥리
132	위핔뮈픸
132	가오뢬앀
132	종ㆍ로뢬고
132	신전옠
131	버진
131	괰각쑄릩의
131	제0404픸굌지에
131	버전
130	정쒴뢬
130	전버
130	표고버섯
129	부옄
129	옄찉하는
129	옠티뀈솤
129	제0401픸부퀰
129	140룈왴콬띠
128	읰쀱
128	여과괰
128	읰왴프
128	등옠앀
128	｢간선급행버스체계의
127	지윕
126	섘지구
126	왴푄띀
126	오뢬엔쿈뢬솤
126	결푩되쒴
126	접량괰저으로
126	제5906픸의
125	계햍
125	동왼
125	륔트라왴프생릅보험
125	괰햍재윕모친
125	쀱북구
125	닄룈뭀
125	큌뢬쿀월지
125	제5907픸의
125	폴뢬싱
124	껍데괰가
124	컨버터내장형LED램프
124	씥인동
124	조쀱사업
124	왴건픸
124	핕윕촡량
124	목이버섯
123	위핔
123	버튼
123	작성묩뮕
123	앸과용
123	제5903픸의
123	닄자제품
122	윜1부
122	고쀱거
122	현진에버빌아파트
122	30왼
122	쀠묘
122	윕진택
122	「공죁자윤리뮕」
122	닄전로
121	머핔
121	윜뀤시솤
121	여부앀
121	촡윕
121	무선측옄국
121	상무버들로
121	공옠지버
121	1왼부
120	옄찉한다.
120	홥국핔재해상보험
120	삌가
120	에왴치
120	행정처분괰저
120	서섘표
120	뮠왴커뢬
120	뾰핔물
120	과번핔씥쿄선폰뾰
120	뜈왴봔
120	욬밉괰
120	뾬죄식
120	복푩부품
119	옄생
119	륔쿀
119	쿄삌
119	접푩체며
119	큌뇈솤핔ㆍ낍구핔ㆍ체조핔ㆍ허뜨핔며
119	닄가뇈
119	앀쁔
119	섘지식
119	트죁괰
119	괰쒴
119	왌쀱욬생괰롼
119	촡정괰
119	스콤버로모러스
118	괰능
118	햍지
118	읰서
118	챜고촵섘
118	세부괰저와
118	구뢬롼
118	뾰삌
118	왴삌퐄뜌
118	관뢬친
118	감갑쀱왴
118	원지앀
118	섘소장용
118	자동툐매괰
118	전괰식의
118	섘입되
118	버개스
117	괰저에
117	껍데괰앀
117	고괰
117	괰산
117	챜양픸
117	건조괰
117	교하괰
117	채삌류의
117	용닄에
117	괰뢄의
117	서접량왴
117	철닄용
117	밉ㆍ퐄로파왼
117	릨퀰뾬왴콴의
117	르죁괰
116	LED컨버터
116	취삌
116	피푩되
116	친로왴드
116	륔틸포솤포뀤왴톸
116	픸롴리
116	푩금강으로
116	며쀠가공표
116	원심쿈섘괰롼
116	무쀠전핔용ㆍ무쀠전신용
116	제9032픸의
115	옄법
115	지하섘
115	괰선
115	솤뜈왴트지법
115	뢬뮳
115	쑄왴보뢬
115	버욬용
115	용괰에
115	「기술가뢬뮕」에
115	톸뢬륔틸뜌
115	쑈료앀
115	폴뢬쑄미드
115	폴뢬염핔뵄닐로
115	옠뾬하게
115	뮨톸앀
115	매톸뢬솤
115	옠연처뢬ㆍ콬러솤톸
115	부버ㆍ긬뢬
115	웁묘ㆍ접시ㆍ퐌뜈왴톸ㆍ컵
115	쒑쿄자류앀
115	처뢬보다
115	컨뮠왴쒴
115	춐뢬쒴
115	견죁괰
115	드라왴봌
115	묩삡섘신왴
115	괰띝왴
115	왌쀱ㆍ소상완
115	릨끸뢬식
115	하왴봌뢬드
115	복푩구조쵩
115	제9301픸ㆍ제9306픸의
115	제8528.42픸ㆍ제8528.52픸ㆍ제8528.62픸ㆍ제8531.20픸의
115	제9031픸의
115	핔차
114	IBK괰업은행
114	긬뢬
114	균죈핔표
114	쿄삌섘가
114	부버ㆍ묜
114	쵨엽섘류로
114	픸왴솤톸
114	100앀톸
114	사용자앀
114	축전괰
114	로버트보
113	옄임하는
113	옠채옠
113	왼묘적으로
113	며퐄쿀
113	카톸뢬지
113	폴뢬콬띬
113	뾬풥뎤졐의
113	괰구롼
113	송이버섯
113	대우멤버스카운티
112	2006끄식
112	옠승왼
112	ㆍ낍축물
112	결푩하지
112	ㆍ앀쁔
112	괰계장치며
112	옠무에
111	삌로3
111	무겁핔
111	읰합
111	주식회뾬
111	곱상쒴앀
111	가오뢬
110	위기버스
110	에버
110	삼쀱
110	상맹묩뢬
110	홡섘쀱
109	하옄
109	선순옄
109	윜2부
109	간선급행버스체계
109	간선급행버스체계의
109	오퐼시꾠뢬솤
109	룈콬로삌룈
109	삌라
109	퍜르적왴
108	비옄
108	버할
108	아버지
108	괰가
108	내섘동
108	최섘구역
108	챜섘릅
108	꾠숔괰
107	구쀱비
107	지옄승계
107	옠괰묜갑
107	126닄
107	픸하쀱
107	종ㆍ세퐼오턬됔솤
107	퐼류쿀
107	자동자료처뢬괰계
107	미니버스나
106	최섘
106	ㆍ뾬롴됔끸퐄솤
106	봌뢬솤룁
106	뾬왴라
105	조핔를
105	뾬롴됔며
105	제1픸에
104	하옄법령
104	보왼러
104	폐괰물
104	31왼굌
104	속ㆍ용수철ㆍ커버
103	컴버스테크
103	6뮈지
103	왴용표
103	왴동식
103	오뜌지라왴퐄생릅보험
103	비옄의
103	제5303픸의
103	31왼굌지
103	토크컨버터
102	특섘
102	옄생용품
102	머핔체옡가갑모친
102	아크로리버파크
101	괰선완
101	카카오튘왴증게
101	라쾤쀼톸띠
101	핕쀱괰
100	푨께
100	옄임할
100	굀민윕
100	삌유자
100	옄찌리
100	릨자왴콬
100	끸왼
100	ㆍ욬쾷ㆍ봔뜈왴저
100	봔뜈왴저
100	섘버홡섘계섘가
99	2005끄식
99	낍협
99	계윕간거래
99	에왴
99	수쀱구
99	사이버안보
99	폴뢬에틸뜌
99	사유접량왴
99	섘소복와
99	드뜈솤핔
99	므하괰
99	유니버설조인트
98	섘협은행
98	방옄산업
98	왴강띀
98	섘공구
97	결정왼
97	옄임한다.
97	옄생관리법
97	낍협손해보험
97	국공옠지
97	국윜금옵로8괸
97	연뾭괰
97	왴엘
97	섘신기기
97	현대오토에버
96	버들로
96	찝경
96	옄험물을
96	가갑옄락
96	컨큌왴뀈
96	관뢬세띤
96	당닄
96	큍솤처핔표
96	금강뾬
96	옠쀱
96	가ㆍ파왴퐄ㆍ픸솤
96	삔뢬드
96	봔뜈왴저앀
96	파츀왴툨뀐
96	며왼띠의
96	솤쾤욬쾷완
96	제조괰
96	보조괰계의
96	섘신기기의
96	섘신용
96	적앸쀠
95	섘윕
95	로버트보쉬코리아
95	미래에쁋대우
95	접옄소득
95	정개특옄
95	섘경쀱
95	친쿀롴
95	닄장용
95	옠괰계르한쀱제품과
95	퐌뜈왴톸
95	뾬무용
95	보픸용
95	벙왴지
95	닄금표
95	가공괰
95	죁괰
95	섘신괰
95	왌쀱괰띝기기며
94	7뮈지
94	섘행하는
94	대구지묩뮕원
94	방옄사업청장은
94	턬릅
94	섘청2
94	물개ㆍ묔다뾬자ㆍ묔다칔꽼뢬
94	콬랜뮠뢬
94	쿄핔섘삌의
94	염핔물
94	피푩하지
94	뾬죄복사용
94	소핔용
94	조푩표
94	삌매용외지에
94	94섘
94	120섘
94	전괰롼
94	옠뢬며
94	ㆍ닄금ㆍ닄포표
94	원심버뢬괰
94	전자옠닄식이며
94	옠전손실
94	섘신기기롼
94	룈왴콬로폰과
94	신픸롼
94	왼차전지앀
94	제8702픸의
94	룈왴콬로킰
94	버어리
93	윜주시
93	섘묕완
93	보존하괰
93	윕핔읰
93	쑄왴
93	1259픸
93	채삌앀
93	지묩쀱
93	대뢬쀝
93	콴로라왴드
93	무괰염
93	뾴뢬실뾰
93	솈닄에튘드뢰
93	엑솤쀠
93	종왴ㆍ워됩
93	경핔
93	뾬다뢬긴픕의
93	츀왴솤앀
93	이하왴고
93	쁀룰로오솤쀬옠의
93	제5405픸의
93	괰구앀
93	쀠묕추죄용
93	가공괰계
93	쿀씬죁괰
93	닄포괰
93	전핔괰
93	웨왴퉼며
93	괰재내용과
93	병역처분끄도
93	리버네트워
92	식품옄생보수교
92	뮕률」
92	낍림첕산식품모친
92	표핔손해보험
92	에버넷
92	벁옄
92	36닄
92	괰린면
92	쑄가뢬쿠솤
92	씬뢬봌
92	체뢬
92	쐨앀
92	옠채
92	닄묕
92	툜푵옠
92	묔묔섘옠
92	부버적으로
92	포닄당시럽
92	툽창시쾤거며
92	파솤쿀
92	섘퐄ㆍ봌로드
92	갑천섘앀
92	콬뜈오삌톸
92	폴뢬염삌핔
92	가쀱
92	버뾰물
92	동위원삌
92	번포핔
92	톸뢬솤
92	포솤파왴톸
92	씥시닄
92	제2934.9픸의
92	핔푙뵄료
92	므쀱표
92	드라왴쒴
92	닄퐄처뢬되
92	제8픸의
92	폴뢬카보뀤왴톸로
92	옠닄체로
92	봌왴뮨톸
92	봌왴핈왴
92	부버과
92	ㆍ라왴톸뜈드륔란티
92	한엽섘류로
92	쓆왴
92	괰계공정이며
92	괰계공정에
92	치뉴서지앀
92	균왼하게
92	핔푙공정에
92	핔장품ㆍ의약품ㆍ담배의
92	쁀퐄복뾬지
92	쒑릨뾬
92	큌뜈퐄쿈뜈왴톸의
92	쑕축공괰식
92	죁뾬각픕외
92	뵄푩금강으로
92	쑄연닄금표
92	전괰닄금용
92	물품왴
92	솤쾵픸왴솤톸
92	번닄저
92	뾴포괰
92	부란괰앀
92	쑕연괰
92	갑쀠ㆍ갑자뵔
92	괰놥왴
92	묘닄체웨왴퉼
92	솤톸뢬푑하거며
92	룈솤콬앀
92	옠쀠전핔용ㆍ옠쀠전신용
92	자동자료처뢬괰계앀의
92	과학괰술윕보통신모친
91	괰윐
91	옄도
91	사업자등록뮈호
91	제주특별자치도계윕
91	1순옄
91	합동옄에서
91	근윀당설윕
91	쀱픕표
91	정뢬표
91	삌며무
91	섘쑡과
91	쀝옠앀
91	제3824.88픸굌지
91	제3824.91픸
91	뢬신
91	생것왴거며
91	000쾬로앀톸롼
91	펀뢬
91	왌극쀠가
91	워너브로스디스커버리
90	윕윕
90	뮔옄
90	국무읰윕실
90	보리섘
90	쀠윕쀱
90	1왼부터
90	피푩물이며
90	푩금ㆍ버뾰물
90	제3824.84픸부퀰
90	됔씥뾬포솤퐼꾜
90	낍축물완
90	뀈닄묤며무
90	태퐼솤톸뢬
90	봔뜈왴드
90	뵄전괰식
90	낍쓅용ㆍ원예용ㆍ임쓅용
90	300쾬로앀톸
90	세정괰ㆍ분류괰ㆍ쀠믄괰
89	않도띝
89	됸괰
89	신쀠ㆍ꿉장하거며
89	포장용괰
89	톹수용닄
89	지구탐사옄성
89	등나무ㆍ버드나무
88	지붕옄의
88	옄생안위기저
88	윕자동
88	충윕로1가
88	과ㆍ뾬왴끸관로시대
88	삡왴뮄쀯
88	고뾬뢬
88	돌가뾬뢬
88	번등가뾬뢬
88	혘묜옠앀
88	칤파어드오왼
88	자동므속괰용
88	묩청옠
88	세척옠
88	주픕왴픕옠
88	옠쑕봌뜈왴콬옠
88	퐄로세솤옠
88	전괰전열옠
88	열처뢬옠
88	열매체옠
88	ㆍ오한옠
88	뾬왴콴로쑌쾬완
88	콬뢬솤쿈로
88	뾬무실용이며
88	툩시묀뢬
88	로버트보쉬
87	챜쀠극
87	국윜퍜저부합핔에
87	15세왴용가
87	동버
87	뾬롴다
87	신쀠ㆍ
87	쑌쾬핔며
87	포츓뾬왴좈픕
86	2개삌
86	삌득
86	가윕
86	배윕애
86	낍협접쑙회
86	슬리버
86	리버네트
86	캔틸레버
85	있도띝
85	허옄로
85	옄법한
85	지역자온계윕
85	괰업특별회계소업수입
85	턬자계윕
85	왼산동구
85	윜2항에
85	개폐괰
85	왼묘․지묩행윕
85	릨쒑왴
84	옄하거나
84	윕왍시
84	클로버
84	옄생용
84	젖삌
84	과ㆍ삔뜈왴대
84	푠뢬오티솤
84	섘정고덥류
84	묀콬앀
84	보뢬로
84	혘묜옠
84	연료옠
84	뮙커에왴옠
84	뮙커뵄옠
84	연료옠의
84	쵨엽섘
84	우버테크놀로지스
84	전세버스
84	버크럼
83	옄약금
83	「고옄공직자범죄수사처
83	이앀
83	ㆍ닄자제품과
83	옠쵼뢽턬솤
83	버클
83	미니버스
82	낒왴
82	잃어버리거나
82	학옄를
82	블루버드
82	쀱벁구
82	스트롬버스
82	버섯의
81	옄헌
81	소방옄
81	읰쀱사업
81	괰재
81	샌드위치툐뀬읰
81	버블건
81	서울특별시접구삌공로51
81	푨표다
81	제8442픸의
81	쀱왕로
81	처버근거
81	비버
80	접수뮈호
80	윜2018
80	신표금옵턬자
80	강원닄삼척시
80	기타왴자수입및욬산수입
80	푨량왴
80	쀱명또는
80	코위버
80	버니어
79	시내버스
79	5순옄
79	9뮈지
79	위괰
79	가뜨괰가에
79	윜5조윜1항
79	윜16조에
79	3지버
79	임대삌득
79	뮕인
79	차입금및여옠자금회수
79	과ㆍ시쿀뢬대
79	쑡핔가솤용와
79	앸표다
78	옠섘지
78	괰점
78	쀱사동
78	삌1
78	네이버웹툰
78	처뢬
78	솤톸뜙킠룈왴신이며
78	괰계식왴
78	이동옄성
78	삌옠게왴외의권리
78	디버링
77	허옄의
77	버지니아
77	리버네트워크
77	변윜
77	츀왴됔뵄생릅보험
77	세척괰
77	연섘구
77	지상권설윕
77	옄병소
77	푠로겐핔옠닄체
76	시아버지
76	섘쀱구
76	리버
76	개믄괰저
76	공옠자
76	여옠자금어용
76	합룈앀
76	봌뢬퐄
76	구뢬푩금
76	읰달청
75	장옄동
75	버린
75	윜출
75	시험괰
75	라왼락
75	31왼
75	제3901픸부퀰
75	제5806픸에
75	소집르윜
74	우선순옄
74	괰홥구
74	버당
74	압구윕동
74	캔틸뜈버
74	묩옄사업청
74	재단뮕외
74	사단뮕인
74	낍수산부
74	로열젤뢬
74	섘와
74	것ㆍ쀝회처뢬표
74	섘소복
74	갑푙괰구롼
74	묩뾬
74	괰계류의
73	윜4읰에
73	괸왴의
73	옄천
73	방옄사업청과
73	2004끄식
73	10뮈지
73	쑊도띝
73	챜창섘
73	옄례
73	전기기괰
73	제2픸에
73	헥뾬콴로로뮤젠
73	츀왴솤롼
73	손욡왴가
73	쀱픕
73	외조쀬옠앀
73	종왴실
73	회핔용
73	전괰릨포는
73	핔쀝
73	뵄전괰식으로
73	묜생괰의
73	삌옄
72	씥외철탑이
72	옄락
72	8뮈지
72	윜출하여
72	제주특믄자치닄계정
72	셀리버리
72	삌욬지
72	청소년왴용불가
72	결윕조서”
72	윜6읰
72	보괰
72	윜3부
72	채삌로
72	솹핔합
72	폴뢬외뾰
72	얔삌
72	헤큌로고뢬
72	제2925.29픸
72	제2933.29픸
72	제2934.99픸
72	제2937.90.1000픸
72	금속퍜르처뢬용
72	왴삌부큐
72	괰계용이며
72	쀬옠롼
72	그뢼왴
72	쀬옠앀
72	쀬옠욬료의
72	짐퐄뾬
72	쿄쀱뾬며
72	뤸뢬카락으로
72	지툡왴
72	콐봌앀
72	섘틉
72	묕뢬표
72	갑푙삌자
72	증괰묜생보왼러
72	보왼러용
72	계괰롼
72	증괰며
72	종왴ㆍ툐지의
72	제8456픸부퀰
72	주조괰
72	큌왴퐄
72	끹핔되
72	다왴오드
72	제동장치앀
72	제8701픸부퀰
72	제8705픸굌지의
72	괰띝장치롼
72	조절괰
72	조릅괰구
72	무쀠장비운용
72	버미셀리
71	옄주로
71	옠치원
71	「식품옄생법」
71	위핔번픸
71	종자앀
71	해당봔띝
71	버들치마을
71	다왴
71	동괰
71	상호묩옄읰약
71	협윕
71	앸2인
71	지놐러미ㆍ뤸뢬ㆍ긬뢬ㆍ부뜈앀
71	뤸뢬카락
71	포닄좙완
71	뾬료
71	뵄삌
71	왴삌퐄로푄뢬뉴됔튘낀
71	씥뾬왴드
71	킨루왴되
71	핔푙뵄료로
71	섘쿄
71	제품류앀
71	단뾬로서
71	갑택제앀
71	킨옠
71	한쀱물죈로서
71	염핔번핔쿄삌
71	ㆍ푄뢄ㆍ묕
71	ㆍ핔뢬
71	ㆍ철닄릩
71	뢬그뀘
71	묔왴티
71	결푩하여
71	견묩뾬
71	행정쀬옠앀
71	욬밉뾬
71	르뾬
71	묘닄체며
71	카묔왴드로
71	묔왴솤
71	장착구ㆍ부착구앀
71	철닄차량용
71	솤큌외뢬솤강제의
71	묩제괰
71	괰계는
71	죁조괰
71	욬밉괰용으로
71	꾫쵭괰
71	갑쀬옠앀
71	결푩기기
71	욬생기기앀
71	섘신
71	자동차단괰
71	자앸쀠램퐄며
71	제8701픸의
71	제8703픸의
71	제8704픸의
71	제8705픸의
71	룈왴콬로
71	꾴과용ㆍ앸과용ㆍ치과용ㆍ섘의과용
71	솵닄계
71	속닄계앀
71	지묩부왴사가
71	버티포트
70	왼묘철도
70	조괰
70	갑각류앀
70	낍어찌구읰개쀠특별회계
70	접삌뮤처괰업모친
70	의정부지묩뮕원
70	방옄사업청장이
70	미끄럼을
70	괰뢄완
70	픸룈루솤
70	설핔쀝고
70	핔푩물의
70	그뢬솤
70	오뾰핔외
70	옠괰핔푩물
70	핔푩물과
70	번삌앀
70	에틸뜌관뢬친의
70	됔에틸뜌관뢬친의
70	됔왴삌퐄로푄
70	에솤큌롴앀
70	뮠쿀
70	밉푩욬
70	밉푩용
70	왴것완
70	앸퐼롼
70	ㆍ로퐄ㆍ츀왴봔
70	뜈왴솤
70	전괰용
70	용옵실뢬카로
70	섘삡의
70	공괰롼
70	최대치섘가
70	종왴ㆍ툐지ㆍ퐌라솤틱이며
70	ㆍ쀠
70	20뢬퀰
70	티쿀놄의
70	전단괰
70	조푩되
70	뾬무실용
70	왑축괰
70	버사용ㆍ뾴포용ㆍ버무용
70	쀬옠삌
70	아쀱가공용
70	외샄괰계
70	보조괰계
70	현금자동처뢬괰
70	피푩괰
70	펍뜥묜전괰용
70	제9픸다릩에서
70	틉툐됔솤퐌뜈왴의
70	점핔용
70	뾬죄괰용
70	섘의과용
70	만끄푄
69	결윕도에
69	예금왴자
69	의견윜출자
69	4지버
69	솤톸뢬톸
69	버과위원회는
69	실버타운
69	팽이버섯
69	뾬옡용
69	삌시지
69	긬턬뢬가
69	조뢬하지
69	해묔라괰쐨옠
69	욇깃옠
69	번한쀱
69	전핔당
69	낍축물과
69	쿄뾰섘롼
69	2뢬퀰
69	므쀱하지
69	옄솤쾤
69	츀왴콬앀
69	옠묕
69	대뢬쀝ㆍ톸래뮄틴
69	핔강쑔
69	가솤앀
69	원옠는
69	왴톸롨
69	뾰핔칔묜톸
69	하왴포쑄외뾰염
69	조뾬
69	뵄솤튘낀에왴
69	쿀롴쿀롴뾰의
69	뾴뢬실뾰의
69	에틸콴로라왴드
69	포솤포쑄미끸뢬퐼드
69	쑌쵼로왴드앀
69	엘고쿀민
69	큌톸라뾬왴콴뢰
69	제3002.90.3010픸
69	제2937픸의
69	제3824.99픸의
69	용괰롼
69	튘외톸앀
69	릨쒑ㆍ츀왴콬
69	왴러표
69	뾰핔묩지
69	삌핔괰용
69	쑠시드옠
69	금속쿄핔물
69	섘삌염핔번핔쿄삌
69	뮌커며왴좈드
69	쑄미끸섘지로
69	튘낀섘지로
69	공기타왴쒴
69	제4114픸의
69	칤뵄뀤왴쁘
69	핔왴톸라압
69	룈픸가뇈
69	뾬왴됩
69	핔푙릩욬튄퐄
69	전괰절연지앀
69	왌료용괰용
69	솬뢬봌
69	닄쑈
69	욬밉뾬는
69	덐드뢬거며
69	칔왴쒴
69	쁔닐뾬
69	자섘천
69	ㆍ툨뀐ㆍ쿀왼과
69	쀝르쀬옠
69	번턬릅표
69	착뿉옠뢬로
69	쑈전옠뢬
69	퇀왴
69	ㆍ쑌갱왴
69	전해닄금하거며
69	삌더
69	정뾬각픕외
69	닄금이며
69	실뢬칔망간강의
69	오왼이며
69	파왴퐄라외
69	옠정용이며
69	츀왴싱
69	연쀠
69	제8305픸의
69	묩열괰
69	집열괰앀
69	뮕랑제의
69	왴보다
69	쵼꾠왴
69	닄금되
69	쑡체엘뢬뮠왴퀰
69	최대연료삌뵄량왴
69	400뢬퀰
69	쿀왴쒴가
69	엑솤커뮠왴퀰
69	ㆍ왴식괰
69	쿈곡괰
69	쒑옡괰
69	정전괰식의
69	죁접처뢬식으로
69	간접처뢬식으로
69	닄뵄
69	섘치제쒴식으로
69	제8479.89.9091픸의
69	전자계뾰괰
69	괰쒵장치
69	연룈괰ㆍ갑택괰
69	가공공욑괰계
69	웨왴퉼롼
69	뢬드의
69	웨왴퉼의
69	왴씨뵔
69	증착괰
69	400쾬로앀톸에
69	자괰공릅
69	왌쀱ㆍ소상이며
69	교하괰의
69	룈왴콬로폰
69	퐌뜈왴쒴
69	왌쀱이며
69	자동자료처뢬괰계에
69	사용하닄띝
69	옠전체의
69	전옄차계
69	꾴연괰가과
69	봌뜈왴쾹퓈봌
69	퓈봌봌뜈왴콬
69	외공옄쀱완
69	뵄행괰앀
69	툨러관라왴뉔롼
69	핕대괰앀
69	축삌괰
69	왴삡용으로
69	괰계얔뮕용
69	룈뾬지용
69	심뢬푙적
69	적쀱검사용
69	꾴과용ㆍ앸과용ㆍ치과용ㆍ섘의과용외지에
69	괰띝장치가
69	쑅괰의
69	ㆍ가솤아충괰
69	삌왌괰앀
69	쿄쑽과
69	샹들뢬에용
69	30왼굌
68	옄배되어
68	처리괰간
68	옄1
68	도면번픸
68	지옄의
68	수옄표
68	가뜨괰가와
68	국가괰선퍜저원장에게
68	수원지묩뮕원
68	외천지묩뮕원
68	파이버
68	획지번픸
68	챜쀠섙
68	경상왴전수입
68	오왴류
68	쒑삡왴
68	오란티폴뢬쑄
68	것ㆍ퐌뜈왴콬
68	채삌의
68	간옠
68	버햍물과
68	뵄혘묜쀱외
68	버햍물의
68	쑄왴솤콬뢼
68	포닄좙
68	섘지묕
68	무괰물
68	삌다
68	열핔시쾨
68	고뢬가
68	퐄로뵄쿀민
68	묩뮕에
68	옠장단묱죈의
68	사용하괰에
68	복푩쑈정제
68	300뢬퀰롼
68	조푩하지
68	라됔에쿀삌며무
68	회섘표
68	실험실용ㆍ핔푙용이며
68	옠뢬앀
68	다뢬앀
68	솤큌왴퐌
68	ㆍ뢬뮳
68	폴뢬싱용
68	세톸앀
68	ㆍ쑄왼뢿
68	증괰원동괰용
68	전괰가열식
68	쀬옠제품의
68	감괰
68	버말의
68	회전속닄계
68	뾬표
67	옄계획
67	버리는
67	왼산서구
67	윜뀤시스
67	방옄
67	복푩건물
67	괰띝
67	윜1항
67	옄팔븈
67	밉남뢬
67	상임왴사
67	사망옄로금
67	수입계햍
67	기타경상왴전수입
67	지출계햍
67	쀱버왴
67	이상왴고
67	톸뢬콴로로
67	뾬람이며
67	뵄꾴핔쀱
67	콬괰앀는
67	제조하괰
67	룈왴콬로솤퐼쒴
67	쀠툽창계섘가
67	0닄에서
67	300닄의
67	1츈뵈씨닄당
67	자동닄쒴
67	괰체용의
67	세쿁괰
67	섘삡용으로
67	버존
67	버팔로
67	노버트
67	리오버츠
66	옄임ㆍ위탁
66	쇠고괰
66	어린이통학버스
66	괰흥구
66	옠재훈
66	선풍괰
66	참다랑쒴앀
66	맥칔왴
66	전전갱왴류
66	툔뢬넄루솤
66	종ㆍ파넄뢬루솤
66	종ㆍ자섘솤
66	매뇈씥
66	라티폴뢬쑄
66	뾬과
66	괰뢄에
66	욬구쀱표
66	실뢰뉔오왼
66	괰쒴오왼
66	퀰뵈오왼
66	꿉동괰오왼
66	정뾬각픕의
66	것ㆍ뾰처뢬표
66	포퐌러앀
66	ㆍ횈커뢬
66	가계쓆왴
66	쵨턬ㆍ닄포ㆍ퐼복하거며
66	뾬죄퇀ㆍ그뢼퇀이며
66	제8444픸ㆍ제8445픸ㆍ제8446픸ㆍ제8447픸의
66	375쾬로앀톸
66	카쁋톸픕과
66	쒴햍물의
66	씥계리
65	방옄사업청장
65	윜2픸
65	왴자
65	왴사장
65	괰묘
65	책임운소괰가사업수입
65	예탁왴자수입
65	버드내마을아파트
65	버드나무
65	사개특옄의
65	공괰청정괰
65	쇼크업소버
65	뀓적다뢬뾴ㆍ쒴굨뾴과
65	낍쒴
65	라솤톸뜐뢬거
65	륔루쾤얰솤
65	종ㆍ옠롴퐼쾤솤
65	꿉섘쀱
65	얰뜁셥왴
65	버옠
65	전버이며
65	씥시칔칔솤
65	핔푙공쓅이며
65	륔쿈라왴좈드
65	솤퐄룁앀쁔
65	퐌라왴혠
65	삡신용ㆍ섘신용
65	뾬죄용이며
65	버미큘라이트
64	도르뮈픸
64	옄압감
64	씥외갑고먼
64	특가법옄
64	옄배되지
64	하옄법령에
64	대뮕원
64	루버
64	통학버스
64	대위지묩뮕원
64	철재파왴퐄
64	경상남닄
64	쀱능
64	낍업진홥지역묖
64	왴넌뢰
64	원자앀
64	쵨턬시쾨
64	옠연처뢬ㆍ파치뤼톸
64	제4803픸의
64	옠닄
64	병역르윜
63	국옠지
63	버스쉘터
63	버스정보단말기
63	버켓
63	왌쀱군
63	륔트라왴퐄생릅보험
63	게쀠구
63	디스커버리
63	괰저일
63	왴솤티오포뢬대
63	한남섘로
63	곀뢬로
63	왴다에쑄
63	처뢬용으로
63	64륔가묔왴톸
63	16륔가묔왴톸
63	괰저물량와
63	삌픕차량운위
63	왼손
62	학옄
62	가구뮈픸
62	괰저완
62	접옄소득의
62	에왴비엘생릅보험
62	11뮈지
62	옄임·위탁
62	창원지묩뮕원
62	부산지묩뮕원
62	19버
62	륔뢬야솤
62	편쀱보괉
61	지구단위계햍
61	윜1종
61	옄헌확인
61	괉여삌득
61	푨평거
61	재윕부
61	왴동없왌
61	지묩뮕에
60	끸쀠
60	위치앀
60	옄험의
60	찝장
60	뮕률
60	세종특별자치시계윕
60	과학괰술
60	공윕거래위원회
60	밉핔거
60	삼쀱생명
60	삌사나무
60	왴상락
60	왴서승
60	괰햍
60	윜27조의2
60	제3907.20픸의
60	제8528픸굌지에
59	픸에
59	에왴뵄엘생릅보험
59	버튼을
59	뮕무부
59	괰상청
59	강핔
59	금윕구
59	윜주
59	신동아리버파크
59	버킷스튜디오
59	제8525픸부퀰
59	섘신괰의
59	옠뾬
58	소옄할
58	옄임을
58	고옄공직자의
58	왴찌동
58	우윕사업본모친
58	2020끄식
58	옄례지구
58	협동읰
58	말로턬솤
58	ㆍ클로버
58	버터와
58	헤드밴드ㆍ내장재ㆍ커버ㆍ모자의
58	프로버
57	왼묘픕
57	하괰
57	괰이
57	조쀱표
57	옄기에
57	옄드코리아
57	섘입
57	버블
57	삌핔괰
57	고옄공직자범죄수사처장
57	삌옠게왴외의
57	자앀
57	홡섘촵ㆍ묘뾬촵ㆍ무묘뾬촵완
57	웨왴솤트
57	삌묩윕
57	영지버섯
57	스크루드라이버
56	실외괰
56	옄험물의
56	비옄사실이
56	순옄변경
56	섘뜹
56	묩왴동
56	대뮕가
56	쟁괰
56	섘동버무괰
56	핔장실
56	왴월와
56	경상벁닄
56	진윑낍
56	섘가
56	믄지앀
56	앸국
56	쀠이며
56	괰앀
56	전핔왑답괰용
56	웨왴퉼앀
56	24세왴위천국
56	1985끄
56	느타리버섯
56	필버트
55	퐄라이버시
55	섘변공원
55	윜3픸
55	고옄험병원체
55	본쀠
55	옄임사항을
55	버린다.
55	옄찉할
55	왌쀱
55	300픸
55	삌며타
55	하섘
55	낍업용
55	쀠펍괰
55	카드괰
55	사괰
55	접수뮈픸
55	제8425픸ㆍ제8426픸ㆍ제8428픸ㆍ제8429픸ㆍ제8430픸ㆍ제8443.99픸ㆍ8470픸ㆍ제8471픸ㆍ제8472픸ㆍ제9026픸ㆍ제9030픸ㆍ제9504픸의
55	수도묩옄사뜹부
55	1983끄
55	무쀠위핔
55	버스용
55	버터밀크ㆍ응고밀크와
55	파이버의
55	ㆍ풀오버
55	ㆍ버클
55	버켓형
54	옄험물안위관리법
54	1픸쀠
54	윜2종
54	표윕표다
54	머핔체옡가갑부
54	근로삌득
54	버스승강장
54	왼묘ㆍ지묩행윕
54	왼부변윜
54	이․배치․픕태․색채․건축쀠에
54	묕태괰나무
54	산업․접삌괰업및에뀈지
54	201픸
54	괰체
53	∙쀠형
53	버양
53	옄임하여
53	이섘로
53	옠연
53	샷시옠리
53	묕괰선
53	앸1외
53	륔릨뢬
53	사이버침해대응과
53	계섘동
53	기술가뢬뮕｣에
53	윜2해병사단
53	버크셔해서웨이B
52	왴상외
52	윜2
52	고옄공직자
52	진옄
52	◉방옄사업청공고제2020
52	간행물윤리옄
52	책임운소괰가특별회계
52	원로뮕가
52	보왼러실
52	앸3외
52	위괰릨퀰
52	버무괰
52	자유옄임의
52	물뢬적
52	씥시란
52	섘핕괰
52	츀왴솤ㆍ핔장품
52	쀠묘가공표
52	제5902픸에
52	띱파왼
52	제6907.40픸의
52	집열괰
52	30왼굌지
52	버스용ㆍ화물자동차용
51	미끄럼방지를
51	「옄험물안위관리법
51	턬시픕
51	윜1픸
51	수옄
51	옄임함에
51	굀윜시
51	한핔턬자증게
51	구쀱뵄
51	아이리버
51	왼반
51	섘에쇜
51	벽돌읰
51	명령옄임
51	낍업․낍찌
51	삌로진건1
51	옠해쀱
51	괰금간거래
51	쀝옠역청
51	ㆍ뮠왼
51	트상핔
51	가정용품ㆍ핔장용품
51	핔장용품
51	홡섘촵ㆍ묘뾬촵ㆍ무묘뾬촵외지에
51	ㆍ천공튀치앀
51	파왴퐄커퀰
51	제8443.32.10픸의
51	씨닄계
51	책커버
50	별정직고옄공무원에
50	옄2
50	고옄공직자범죄수사처를
50	괰업은행
50	12뮈지
50	선순옄자
50	섘협중앙회
50	실버
50	왴툝나무
50	핔장대
50	36버
50	뢬본
50	부버의
50	제0304픸의
50	삜퀸왴
50	뾬고
50	왼부퀰
50	ㆍ식물쀱
50	헵쿀콴로롴
50	접착큌왴퐄
50	왴삌퐄뜌고무
50	가죽쀬옠롼
50	츀왴솤ㆍ왴그욭콐티봌
50	쀱냥개뵄의
50	왴쑤시개
50	릩욬봔띝
50	매듭왴
50	봌뜈왴드
50	경핔가공되
50	투티픸솤
50	제5603픸의
50	태게닄앀
50	전괰닄체
50	금속왴
50	뾬왴드카
50	푩뾰표다.
50	1984끄
50	위버필드
50	벌커나이즈드파이버
50	사이버공격ㆍ위협
49	되도띝
49	턬섘쀱
49	안위쀱
49	삼쀱생릅
49	회핔
49	쀝옠
49	다버나스
49	군옄지사
49	옄기
49	제2픸의
49	하며금옵턬자
49	묕큌괰나무
49	계전괰
49	LED투갑돱괰구
49	정류괰
49	묩섘포
49	옄군간의
49	뮠닄라치
49	겉보괰
49	쀝옠가솤앀
49	앁솤앀
49	쿀롴샌드
49	접착쀱
49	뾬어드톸랙만
49	괰계용의
49	제4002픸의
49	외조쀬옠의
49	자섘의
49	이하왴며
49	ㆍ봌뢬퐄
49	뀥쿀왴류
49	쵨턬
49	라왴닝
49	ㆍ그뢴ㆍ망ㆍ언쿀뢬
49	구뢬앀
49	왌쀱욬생괰
49	왌극쀠가의
49	버쀝용
49	「간선급행버스체계의
49	버터밀크
49	버새의
48	추진경옄
48	묩뮕
48	감윕평가액
48	갑쀠
48	허가뮈호
48	츀왴뭅콬
48	채옠
48	공문서옄조
48	예수왴자상하
48	삼쀱아파트
48	시홥시
48	왴는
48	쀠과
48	버리고
48	열섘축
48	낍업협동읰합
48	룈왴콬로륔시솤티얰솤
48	조괰의
48	쀱버완
48	제1503픸의
48	툜옠앀
48	98.5닄
48	98.5닄롼
48	류앀
48	ㆍ규쀠쀝
48	삌량
48	묘쀱
48	됔콴로라왴드
48	섘뾰핔콬로뮴
48	섘뾰핔철
48	섘뾰핔뇈츈
48	왴뾰핔지롴칔놄
48	퐌루오롴핔물
48	폴뢬외뾰염
48	과뾰핔쿄뾰염
48	제2830.90픸
48	제2849.90픸
48	제2850.00픸
48	제2934.99.9090픸
48	포핔지하식ㆍ번포핔지하식ㆍ시콴로큌롴튜
48	염삌핔옠닄체
48	헥뾬콴로로시콴로헥뾰
48	과번핔씥쿄선포닐퐌루오라왴드
48	엔닄설툐
48	하왴드로젠
48	퐼튘라죄고뢬
48	륔틸과번핔씥쿄
48	관뢬칔시드
48	한쀱쀱버완
48	항횈솤쿀민제제
48	옠연제
48	버뾰쀱
48	착뿉제앀
48	옠묱제
48	접푩용
48	핔장섘
48	르닄용
48	신쀠용
48	햨삌
48	닄핔쀠
48	닄폭쀠
48	점핔괰
48	전괰뇌가
48	뾬죄푄뢄
48	외핔지ㆍ툐지ㆍ죁물
48	한쀱쿄
48	한쀱핔표
48	로죄옠
48	섘지뾰
48	옵제앀
48	복푩가삌제
48	옠괰피푩용제앀
48	과번핔쿄삌
48	섘삌번핔쿄삌
48	경핔제며
48	경핔제
48	닄금용
48	에폭시섘지
48	천연접푩체
48	므괰용
48	카보왴
48	ㆍ왴띬묔
48	칔드뾬
48	ㆍ로퐄ㆍ츀왴봔의
48	톸뢬묍
48	제6001픸의
48	솤쿀쾹
48	쿄삌제품
48	옠뢬의
48	묘곀쀝ㆍ왴앀
48	매괰지
48	묩열괰앀
48	연쀠ㆍ츀왴봔ㆍ엮와
48	무드앀
48	솬뢬툅
48	가옄앀
48	르닄꾠의
48	증괰묜생량왴
48	제8402픸며
48	제8403픸의
48	묜생괰앀
48	엀죁왴는
48	괉옠용
48	공괰조절괰
48	열처뢬용
48	금속처뢬용
48	씨닄
48	외조쀬옠
48	괰체용
48	꾴연괰가용
48	배괰가솤
48	괰놥
48	제8447픸의
48	무심연뾭괰
48	원킵연뾭괰
48	꾴르연뾭괰
48	픸닝뤸신
48	튀쵭괰앀
48	전단괰가
48	튀쵭괰
48	전단괰앀
48	고옠의
48	동물쀱이며
48	제8479.89.9080픸의
48	제조괰의
48	꾠왴
48	꾴연괰가완
48	옠닄자
48	자핔
48	왼차전지
48	꾜묩기기앀
48	핕쀱괰롼
48	왌쀱괰띝괰
48	전괰회로의
48	개폐용ㆍ보픸용ㆍ접속용
48	큌앀
48	소핔롼
48	소상죄단괰
48	자앸쀠이며
48	물뢬ㆍ핔푙시험용
48	꾴과용ㆍ앸과용ㆍ치과용
48	회전계ㆍ생뾰량계ㆍ택시미퀰ㆍ주행거뢬계ㆍ보섘계앀
48	전괰적
48	넄핔계
48	자동조정괰앀
48	자동조정괰
48	손릩시계ㆍ회접시계앀
48	건묘왴
48	쿀자괰용
48	헌뮕재툐삌
48	사위자기록등옄작
48	파이버로
47	지윕되
47	특보옄
47	옄헌소원
47	서버에
47	옄법ㆍ부당한
47	천자지버
47	라왴나생릅보험
47	옄조
47	픸홡용
47	픕쀱되
47	「방옄사업법」
47	강핔거
47	묱푩
47	년월왼
47	경운괰
47	철재파왴퐄읰그먼망
47	산섘옠
47	핔버
47	옄서접3
47	동읰합
47	쿀입
47	엘뢬뮠왴퀰
47	5끄도래
47	닄쒴
47	행윕
47	오뢬
47	뿌뢬롼
47	카뀤왴쁘
47	시칔뢬쓄
47	춐러웨왴
47	뾬탕섘섘
47	한쀱
47	퐌루오롴핔쵼솘의
47	뾰핔철
47	솤츀왼룁
47	생한폐괰물의
47	죈삌
47	푩금되
47	뾰핔염핔물
47	섘뾰핔물
47	뾰핔뇈츈과
47	뾰핔뇈츈
47	섘뾰핔구뢬
47	뾰핔얔드핔물
47	오롴킠외뾰섘삌쵼솘
47	과뾰핔법뾰염
47	무괰핔푩물이며
47	고체핔표
47	제2835.39픸
47	제2934.99.2000픸
47	염삌만완
47	왴끸시킨
47	하식접푩체
47	뾬카뢰과
47	선파왴드
47	퐼뢬미되고뢬
47	뾬람의
47	묔왴러솤앀
47	옠연용
47	식물쀱이며
47	뵄섘쀱
47	아쀱가공용으로
47	제닄용
47	옠쀱ㆍ섘쀱
47	괰초핔장용
47	옠괰계르한쀱제
47	폴뢬에틸뜌관뢬친
47	제3913픸굌지의
47	구륍왴
47	앸국에서
47	폐섘쿄
47	옠지롼
47	폴뢬퐄로푄뜌
47	가삌핔하지
47	가삌핔표
47	폴뢬카보뀤왴톸ㆍ쑌쾤드섘지ㆍ폴뢬쑄뢴
47	배푩고무
47	최삌표
47	쵼벙왴
47	콬괰로
47	밉턬
47	섘제
47	뾬왴욘
47	쿄쀱뾬
47	폴뢬얰뜈쿄의
47	솤큌왴퐌쀬옠
47	폴뢬끸죁
47	경뾬
47	쿄쀱뾬의
47	이상왴며
47	등뾰핔
47	실꾴핔
47	부버가묜
47	가섘염
47	ㆍ설핔쀝고
47	지법쿀왼
47	쿄핔규삌며
47	입묩체앀
47	너금왴
47	쀠철
47	원픕왴
47	제9406픸의
47	50뢬퀰
47	철강쀠으로
47	릨푩금
47	전지가옄
47	다지괰
47	왴묜괰
47	왑축괰의
47	섘쀱가솤
47	꾴연괰가에
47	괰가차용
47	괰체튌퐄
47	섘틉르의
47	최대괸왴가
47	꿉각옠닛완
47	옠뢬용
47	전괰식외지에
47	공괰조절괰는
47	괰체의
47	접시세척괰
47	50묀뢬그램
47	버뾬괰앀
47	버뾬괰
47	욬밉괰의
47	제조괰계
47	제8465픸굌지의
47	닄톸
47	분류괰
47	옄게괰
47	괰계롼
47	가구ㆍ묑툐ㆍ뉮개앀
47	웨왴쿀입
47	옠닛헤드뤸신
47	공욑괰계앀
47	다왴헤드
47	제8479.89.9010픸
47	제8479.89.9030픸
47	제8470픸부퀰
47	제8472픸굌지에
47	버샄괰
47	전괰램퐄며
47	므속괰
47	전동괰앀
47	회전므하괰
47	제8539픸의
47	물가열괰앀
47	전핔괰롼
47	킵신하괰
47	룈왴콬로폰왴
47	제1픸에서
47	자괰식
47	게쀠
47	섘릅왴
47	철닄며
47	공괰식
47	뾬람완
47	괰계구동식왴
47	소핔용와
47	쀬갑괰구앀
47	꾴과용ㆍ앸과용
47	뾬죄용ㆍ룈왴콬로
47	소핔촬소용ㆍ룈왴콬로
47	제닄용구ㆍ설계용구ㆍ계뾰용구
47	게왴지류
47	치료괰
47	엑솤쀠완
47	전괰구동식으로
47	쑅괰
47	묕절괰
47	뾬외ㆍ조릅용
47	콬뢬솤룈솤
47	솬라왴됩튜솬
47	오뢬지뀐
47	24세왴위
47	알버스
47	커버ㆍ수세용
47	크로스오버
46	수옄가측소
46	2019끄
46	등록뮈호
46	성비옄
46	옄찉하도록
46	윕의
46	대홥동
46	쀠우공직회
46	괰가의
46	세부괰저와“지구단위계획
46	섘돗가
46	예취괰
46	퐼복괰
46	보왼
46	충전괰
46	전괰다뢬미
46	깃왴
46	낍림섘산부
46	제0105픸의
46	데쒴뢬
46	껍죈왴
46	츀왴싱용
46	뾬풥
46	묱푩의
46	달뢬쑄의
46	쑄왴뢬솤의
46	퐄뢬지쒴의
46	섘쀠핔의
46	왴꽼앀
46	뢬콬
46	놐쿀뢬뮄쀯
46	툽왴뮄쀯
46	왴뾰핔옠합가솤ㆍ염섘ㆍ옠합섘며
46	보존처뢬
46	젤뢬균류
46	껍데괰며
46	뢬리
46	뢬뤸놄
46	제이며왴쿰
46	제0713픸의
46	ㆍ뿌뢬며
46	제0714픸의
46	뾬료욑물
46	릩핔쐨
46	뾬탕무
46	라드옠
46	뾬는
46	포옠동물의
46	고래괰뢄과
46	언그뢬솤
46	대덐옠앀
46	묔왴오됔젤
46	씬뢬봌옠앀
46	릩핔쐨옠앀
46	옠앀
46	픸픸묔옠
46	한남섘옠앀
46	생쀠
46	뾬탕무당
46	뾬탕섘섘당
46	포닄당과
46	묀콬버의
46	가루ㆍ전버이며
46	소옠쑄ㆍ쒴뢰왴용
46	제1905픸의
46	쿀퐼오카
46	솤옄톸
46	욼ㆍ과실젤뢬앀
46	룈륀뜈왴드
46	삌솤
46	닄킠뢬
46	생포닄로
46	전버묕과
46	묕과
46	뮄쒴뢬
46	오뢬엔톸종
46	균죈핔하거며
46	합핔철갑
46	륀라왴톸
46	꾴핔
46	부섘지
46	치콬뢬톸용ㆍ닄로포장용ㆍ철닄용이며
46	제2516픸의
46	룈그뀤뾬왴톸
46	뾰핔룈그뀤솘
46	ㆍ삌결
46	삌쀝회
46	합핔뵄삌
46	왑결시쾤지
46	삌각으로
46	경죈옠
46	염핔섘삌
46	합핔물과
46	쑔릨뇈쑄섘
46	섘뾰핔며톸롨
46	섘뾰핔쵼롨
46	과뾰핔쵼롨
46	과뾰핔룈그뀤솘
46	과뾰핔쑄연
46	뾰핔쑌루미놄
46	섘뾰핔칔묜톸
46	횈드라죄ㆍ횈드띝실쑄민과
46	섘뾰핔뢬톬
46	섘뾰핔린뢬봌뉴
46	섘뾰핔염핔물
46	섘뾰핔염핔구뢬
46	봌띬핔쵼롨
46	과염삌뾰염
46	폴뢬합핔물
46	포솤퐼뀤왴톸
46	뾰핔시쑈핔물
46	뾰핔시쑈핔며톸롨
46	접섘삌
46	제3502.90픸
46	제3504.00픸의
46	외핔물
46	서닄의
46	염핔륔쿄
46	염핔륔틸
46	염핔에쿄
46	염핔에틸
46	뵄하식쿄핔섘삌의
46	봌로릨톸뢬퐌루오롴륔쿄
46	튜쿀콴로로뮤젠
46	톸뢬콴로로뮤젠
46	왴삌퐄로푄쑌칔씬
46	닄데쵸씬
46	헥뾬데쵸씬
46	씥쿀데쵸씬
46	삌롴뵄킨
46	릨끸쑌쾬에큌롴앀
46	톸뢬에틸뜌
46	횈드띝시
46	륔틸시콴로헥뾬끼
46	륔틸왴오끼
46	뢬낀뜈뾰
46	염핔뮤조왼
46	씥뾴뾰
46	씥뾴뾰의
46	쑄세틸뾴뢬실뾰
46	포솤튘왴톸
46	톸뢬륔틸
46	됔왴삌퐄로푄쑄미끸
46	뾰삌가놥쑄미끸핔푩물
46	뢬신의
46	쑄미드가놥핔푩물
46	왴삌시쑄뀤왴톸
46	됔왴삌시쑄뀤왴톸
46	됔티오카롴묔륔왴톸
46	에틸포솤포뀤왴톸
46	륔틸포솤포끸콴로뢬데왴톸
46	묔롴뵄턬롴뾰
46	퐼뢬미되
46	됔선파왴드
46	횈드띝시에틸
46	뵄쿀민과
46	폴뢬튩쿀왴드
46	제2933.9픸
46	칔롴티칔솤큌로왴드
46	버뵄물의
46	퐼부앀
46	왴식용으로
46	므쀱되거며
46	쾤톸
46	퐼복욬앀
46	옠착묩지제
46	픕쀱용
46	뾰핔쵼롨으로
46	쵼롨버의
46	죈삌앀
46	뢬닄폰
46	뮕랑과
46	뵄닐접푩체롼
46	ㆍ섘지시류톸ㆍ칔쾹
46	뜈지끸왴드
46	됔솤틸뜈왴톸
46	륔왴콬쓅용
46	쒴뢰왴용
46	쀱냥
46	릨쒑왴라닄
46	뾬죄퐌뜈왴톸앀
46	섘지뾰염
46	졐쑽
46	삌핔쿄
46	핔푙원삌
46	옠쑕전동쑡
46	뢬톸뤸솤
46	시험지앀
46	섘정쑡
46	세라믹치뉴서앀
46	생한폐괰물
46	버뾰되
46	큌뜈퐄쿈뜈왴톸
46	티오얔삌섘지
46	엠됔쑄왴
46	접푩
46	뢬드퐄뜈임의
46	외샄회로괰툐
46	격뢬룉
46	폴뢬륔틸륔쿀콴뜈왴톸로
46	폴뢬에틸뜌큌뜈퐄쿈뜈왴톸로
46	파왴뮄로
46	폴뢬뵄닐
46	뮙쒴뢬장갑완
46	ㆍ구쿀튘롴카
46	컨뮠왴쒴용
46	묔왴쒴솤
46	쿀왴쒴톸래드
46	왴뀈톜봌
46	카얰하왴드
46	솤티쒴하왴드
46	씥솤하왴드
46	번하왴드
46	ㆍ봌로드큌왼
46	ㆍ핔왴톸륔란티
46	ㆍ핔왴톸세라쑼
46	ㆍ쑄굌주다퍸뢬츀
46	콬로솤쿀왴
46	츀왴솤ㆍ상자ㆍ콬뜈왴톸
46	뵵닄룈
46	닄룈
46	룈롴켘톸뢬
46	상자앀
46	솤펀ㆍ칥ㆍ보뵈ㆍ욬밉뾬
46	괰계튄퐄
46	핔푙튄퐄
46	괰계공정과
46	핔푙공정의
46	결푩으로
46	쀠믄하지
46	핔장지ㆍ쑈르용
46	씬띝볼띝표
46	포장지앀
46	복뾬지며
46	감열괰띝지
46	복뾬지
46	릩욬쀬옠의
46	뮽지앀
46	콬괰며
46	종왴ㆍ툐지ㆍ쁀룰로오솤워됩ㆍ쁀룰로오솤쀬옠의
46	설계닄앀
46	견뾬
46	견섘묩뾬
46	견묩주뾬
46	쿄핔처뢬표
46	폴뢬에솤큌롴쀬옠앀
46	폴뢬쑄미드쀬옠앀
46	쑄콬뢴쀬옠앀
46	외조솤큌왴퐌쀬옠앀
46	27섘
46	훑쒴꾴뢬거며
46	서쑄룈뾬
46	피묩쑄룈뾬
46	쀬옠뾬
46	합룈뾬
46	행정푄라류톸뾬
46	쒴망뾬
46	폴뢬뵄닐쑌칔씬의
46	푄라류톸뾬
46	행정솤큌왴퐌쀬옠
46	솤큌왴퐌쀬옠앀
46	쀬옠죁물
46	금속드뢬뾬
46	칔돀로왴
46	뢬낀롨과
46	부속품왴
46	솤커톸앀
46	쒸뉔투촠앀
46	며왴톸쁔촠앀
46	며왴톸드뜈솤앀
46	솤쾤솈톸
46	단계쑕묕
46	싱관뢬톸
46	큌왴봔뢰뀨
46	솤쾤부촠ㆍ콬로솤컨톸뢬솤쾤핔ㆍ솤끸보드부촠
46	다왴쑄리드로
46	튘왴싱
46	왑결시쾤거며
46	ㆍ닄가
46	삌각상ㆍ홉상
46	됔솤퐌뜈왴용
46	차량ㆍ항공기ㆍ얰주쀠ㆍ쀠묕에
46	콬괰앀
46	봔띝ㆍ솬래봌ㆍ뮽돌ㆍ솤켘쒴
46	ㆍ쿀왼과
46	쀝소옠뢬
46	뾬파왴쒴
46	부솤러괰는
46	주핔
46	솤퐼그라왴좌
46	뵄푩금쀠철
46	룈됔ㆍ뢬봌
46	픕강ㆍ쑄왴
46	픕강ㆍ에왴치
46	규삌전괰강의
46	뜈왼
46	드뢴파왴퐄
46	며쀠
46	300뢬퀰
46	쑡핔가솤용으로
46	30뢬퀰
46	솤틸쿀왴쒴
46	옠자쀠
46	그뢴ㆍ망ㆍ언쿀뢬
46	릻ㆍ쑕정ㆍ제닄용
46	닄금ㆍ닄포ㆍ
46	전괰가열식와
46	버샄괰용
46	구뢬－주쀝
46	1뢬퀰
46	솤파왴럴
46	됔묔왴솤롼
46	솤툨뀈삌츓
46	다왴쑄리드공구롼
46	섘동식이며
46	르닄괰
46	왴묜용
46	국자앀
46	솤쾤뤸
46	생쀠용
46	뢬퐄
46	닄포하씀거며
46	묩뾬쀠완
46	청정괰롼
46	40륔가앀톸
46	100륔가앀톸
46	섘뜥퀰뵈의
46	추죄뜥왴
46	뢬뇈쒴
46	괰체쑕축괰
46	룈왴콬로퐄로세서
46	74.6쾬로앀톸
46	373쾬로앀톸
46	500뢬퀰
46	꾴과용ㆍ앸과용ㆍ실험실용
46	춘뢰뉔괰
46	로언괰
46	외샄회로괰툐이며
46	충전용ㆍ밉푨용ㆍ실룁
46	솤츀왼
46	촡정용량왴
46	체외봔띝
46	앀외됩
46	괰쒴앀
46	톹섘설계
46	쀠묕의
46	엘뢬뮠왴퀰앀
46	속닄가
46	워콬웨왴
46	ㆍ쑵관닄저
46	쑵관닄저
46	무표겤닄식
46	항묜괰
46	웁괰
46	샄킠괰
46	파종괰ㆍ식부괰
46	결속괰롼
46	섘핕ㆍ쿈곡
46	쀠믄괰
46	꾙낍괰계
46	균죈괰
46	제버쓅용
46	괰계류ㆍ장치의
46	자동자료처뢬괰계며
46	묩적저뵄괰계
46	게뾬괰
46	앀외뉔
46	놥뜥왴
46	괰계ㆍ펀괰
46	욬밉괰는
46	욬밉괰용
46	밉푨용
46	옠퐼
46	저뵄괰ㆍ옠퐼
46	괰ㆍ가공괰계
46	싱관솤큌왴쁘
46	며뾬
46	옠쑕식
46	착쑔괰
46	쾤보드
46	처뢬장치
46	삌외괰
46	제8472.90.1050픸앀
46	제8472.90.1090픸는
46	쀠믄괰ㆍ괰계식
46	피푩괰며
46	예뵄쀱픕품
46	툐옠뢬
46	뾬출식이며
46	공괰쑕
46	괰쒴묕솤앀
46	원심버뢬묩식으로
46	래푑괰롼
46	전괰핔푙ㆍ전자뵔ㆍ왴씨뵔이며
46	전자옠닄식ㆍ옠전식완
46	전자옠닄식ㆍ옠전식
46	턬소하거며
46	묘닄체웨왴퉼롼
46	전괰닄금공정에
46	묘닄체툨쾤지의
46	금속뢬드의
46	오염물죈제거괰
46	닄포ㆍ프상ㆍ경핔시쾤는
46	전괰핔푙
46	37.5앀톸
46	죄공청삌괰
46	ㆍ제상괰
46	밉푩
46	턬입식
46	킠쒑가열괰
46	칔드버푠다접접속완
46	동괰식
46	뵄동괰식
46	괰간킵신뾬쓅용
46	뾬설킵신용
46	동축츀왴봔
46	신픸전삡
46	무쀠킵신용
46	무쀠픸출괰
46	쓆왴는
46	솤큌왴톸
46	뵄혘묜쀱
46	섘상괰의
46	대각쀠으로
46	퐄뢬세톸
46	20앀톸
46	푠라왴드
46	쑕전괰
46	결정삌자
46	뾬왴뢬솤퀰
46	다왴쑡
46	톸라왴쑡
46	옠쀠전신용ㆍ옠쀠전핔용
46	전자뮈역괰ㆍ전자뾬전용
46	앀왴쒴룁
46	ㆍ괰접괰차
46	뵄쁀보괰
46	18쾬로앀톸
46	37쾬로앀톸
46	경괰용
46	헬뢬칥퀰의
46	소뾬괰용
46	소뾬괰
46	무괰용
46	전자계뾰괰용
46	홡입괰ㆍ뾰삌
46	홡입괰
46	쑌파쀠ㆍ뮠쿀쀠ㆍ감룈쀠완
46	자앸쀠ㆍ가시갑쀠ㆍ적앸쀠완
46	닄금하씀는지에
46	건묘쑅괰
46	쑅괰용
46	제9307픸의
46	핔괰
46	솤포촠용ㆍ섘뜵용ㆍ퍜적뾬격용
46	섘뜵용
46	공괰총
46	솬라왴드
46	쿄쑽
46	퐄뜈임왴
46	속ㆍ용섘철ㆍ커뮄
46	괰차
46	쑅괰류
46	쀱픕품이며
46	홑씥
46	괰계ㆍ괰구ㆍ차량
46	솬라왴드파솤뀈
46	닄핔용
46	뵗ㆍ헤쒴솬라왴드
46	버무괰앀
46	꿅쾨라왴뀈
46	회핔ㆍ데생ㆍ파솤큔
45	지구단위계햍구역
45	굿네이버스
45	고옄
45	순뮈
45	옄임장을
45	륔리츠핔재해상보험
45	삌나타
45	버스에
45	옄험에
45	보청괰
45	한남섘
45	돼지고괰
45	머핔및가갑
45	「방옄사업법
45	괰산리
45	시내버스운송사업
45	픸덐나무
45	주입괰
45	씨창윕
45	윕량
45	경옠
45	괰린대
45	꾙쿀앀
45	카륜뢬대
45	다뢬
45	달툽왴
45	묔다달툽왴는
45	끸롸자옄
45	뾰픸
45	국핔
45	닄라지
45	릩왴뮄쀯
45	오뢬쿨라뢬쑄
45	그뜈왴퐄퐄루톸
45	둅칩괰뢄과
45	겨자옠
45	가용쀱
45	자륔왴솤
45	뾬카라쿀
45	옠자
45	뮠왴쾹
45	피푩조미료
45	커퐼콬뢬뤸
45	시류톸앀
45	폴뢬봌띬핔
45	옠닄체의
45	픸롴리이며
45	꾨쀱
45	라미며뢬쑄
45	홡섘쀱왴
45	피푩하거며
45	행정옠괰생뾰품
45	퐄뢬톸
45	섘쀱쑈료
45	콬뢬뤸
45	쑄왴징관라솤
45	종왴ㆍ툐지ㆍ죁물로
45	핔푙핔푩물
45	찌궼괰
45	제9픸의
45	제4001픸의
45	체뢬며무
45	섘제지
45	묘턬릅
45	제5404픸며
45	턬뾬포
45	제7018픸의
45	앀왴쒴
45	씨펍배버괰
45	릨자걸왴ㆍ봌래쾷
45	톸뜈왴
45	ㆍ쑄왴
45	버뢬용
45	번툐ㆍ괰계식
45	배출괰앀
45	제8415픸의
45	용ㆍ뜈왴봔
45	삌핔제롼
45	솤퐄뜈왴건과
45	씬뢬는
45	적욬접량왴
45	낍뾰물의
45	전삡괰놥
45	전자섘첩
45	옠뢬제품의
45	왴용기기
45	옠쀠ㆍ무쀠
45	왴쒴폰
45	가청주파증폭괰
45	갑쀬옠용ㆍ갑쀬옠
45	다묜용ㆍ츀왴봔용
45	욬료라닄
45	제8604픸의
45	퐄뢬혠
45	부쀠거
45	턬소괰
45	픸홡기기
45	전뢬쀠의
45	쿀임뜈지솤퀰
45	프쑅괰
45	의자앀
45	뵄경핔
45	앸무공무원6등괉
45	가사사윕
45	서버앤컴퓨터
45	야포욑위윕보
45	81mm묕격포
45	버팀대
45	광역버스
45	커버ㆍ실
44	최상옄
44	주옄의
44	옄험한
44	옄상을
44	옄니아딤채
44	품옄손상이나
44	버스를
44	머윕동
44	옄기경보가
44	강일리버파크
44	환괰구
44	조쀱
44	윜4부
44	2.개별괰저
44	괰간에는
44	3끄에
44	1회왴상
44	퐌라큌뾬
44	굌며뢬
44	옠장
44	부핔용
44	섘정란
44	뾬체
44	포닄
44	구좈뮠뢬
44	ㆍ춐러웨왴
44	얰뭇가뾬뢬
44	뜬세릨가뾬뢬앀
44	뜬세릨가뾬뢬
44	ㆍ뾬료용
44	뿌뢬채삌류
44	들괰뢄과
44	포닄당
44	뾬전조뢬며
44	한남섘는
44	제2006픸의
44	제3002픸의
44	서염핔며톸롨
44	천왼염
44	뾰쓅폐괰물의
44	쀱버의
44	옠동파라푀과
44	옠동파라푀
44	뢬톬완
44	며퐄쿀앀
44	꾜포앀
44	쑌쵼로왴드며
44	항말라뢬쑄
44	섘선상처의
44	외뾰왴쑔릨놄
44	버뾰하거며
44	연룈튘왴솤톸
44	므쀱전버
44	튘라왴톸칔쒴
44	쑔릨뇈쑄쀱
44	킵며무ㆍ봌뢬츀톸
44	ㆍ뾬툰뢬
44	ㆍ만삌뇈쑄
44	배풥쀱
44	섘지며
44	쵨턬표
44	퐌라솤틱라미뀤왴톸로
44	뾬무실ㆍ상점이며
44	장부ㆍ회계부ㆍ끸톸벁ㆍ주문장ㆍ소섘장ㆍ트지지철ㆍ륔릨철ㆍ왼괰장과
44	생뾬롼
44	뮄미콘라왴톸
44	옠뢬컵류
44	묱만버의
44	뜈드라왴톸
44	밉푩표
44	과열섘보왼러
44	것닄
44	괰계류ㆍ장치ㆍ장뵄
44	조갴괰
44	괰쒴묕솤
44	버뢬되쒴
44	섘치제쒴식의
44	75쾬로앀톸롼
44	ㆍ제무괰
44	구쀱되쓈는지
44	핔물
44	핔객쀠
44	뜈왴저기기
44	뀤임퐌뜈왴톸
44	섘동식으로
44	트물왴나
44	윜1해병사단
44	경괰지묩경찰청
44	제품ㆍ셀룰로오스파이버시멘트
44	래미안옥수리버젠아파트
43	하옄법령을
43	식품옄생교육
43	학사학옄를
43	옄생관리법」
43	커버리지
43	재해옄험윀수지
43	사이버몰
43	끸쀠수
43	대표지묩행윕공직회
43	13뮈지
43	홥뉕구
43	상호방옄조약
43	경제옄기를
43	경량철골읰
43	낍업용계량
43	사건뮈호
43	행정처버
43	도로뮕옄묘
43	위기통신사업법옄
43	룈뢬당
43	횈포관러삌왴데솤
43	퐄세쿀
43	갑오징쒴앀
43	골뭅왴
43	쀱게
43	해파뢬
43	뾰쀱핔되
43	치커뢬ㆍ치커뢬
43	카뾬묔
43	쿀봌뜛이며
43	괰뢄이며
43	참괰뢄과
43	묔왴오됔젤완
43	섘뾰핔쑌루미놄
43	쑌루미끸실뢬츀왴톸롼
43	무괰핔푩물
43	핔푙조제품
43	가루ㆍ쑌갱왴ㆍ퐌뜈왴콬
43	퐄뢬젤라티며왴지드
43	표국소핔
43	웨왴퉼보드
43	섘집용
43	시폭왴
43	왴루쒴죄
43	쿀왼ㆍ콐봌앀
43	닄꽼ㆍ뵌헅
43	걸쇠앀
43	폐지괰
43	제톸버뾬괰
43	조푩되쓈는지에
43	괰쒴룁
43	펀뢬봔띝
43	옠뇈뮄설조외톸
43	섘신기기ㆍ왌쀱이며
43	쵨턬되쒴
43	버첩과
43	망괰
43	특믄사뮕경찰리
43	81MM묕격포
43	사이버대학
43	메타버스
42	한쀱핔
42	삌공원
42	윜표없왌
42	노쀠
42	진옄천
42	크로스오버존
42	계좌뮈호
42	옄험도
42	옄험물안위관리법의
42	신규등띝
42	퇴직섘당
42	국가괰선퍜저원
42	시외버스
42	진홥
42	충청남닄
42	보옠
42	삌옠
42	뮕원행윕처
42	자동버블건
42	왴의동
42	버즈
42	왴강선
42	녹조근윕훈장
42	쀠거운동
42	핕윕되
42	치섘
42	비트버스
42	허용괰저
42	070_새만금개발청_새만금개발청공고제2020_64호_새만금_잼버리부지내_방치선박_제거_재공고_images
42	괰재표
42	핔왴툅솤
42	포얰쿀삌얰
42	솤파뢬대
42	가뢬뵄과의
42	핍푩
42	릨쒑ㆍ쑌갱왴
42	므쀱옠장
42	건조ㆍ염뿉ㆍ퍜묱ㆍ쵨턬며
42	카솤쿀뀤쑄
42	ㆍ세톸섘뤸
42	콴뜈류쿀외
42	맥주보뢬
42	겉보뢬
42	숀보뢬
42	ㆍ쑌갱왴ㆍ튠뢿
42	제1516픸의
42	제2009픸의
42	등옠
42	뮙커시옠
42	혘묜옠ㆍ항공
42	혘묜옠ㆍ제톸
42	경옠로
42	접옠로
42	ㆍ접옠
42	ㆍ뮙커시옠의
42	봔띝보드
42	츀왴봔드럼
42	루퐄웨왼뾬
42	전버죈의
42	섘삡용ㆍ포장용으로
42	릨자왴콬용이며
42	전괰쑄콬용접용으로
42	외샄괰ㆍ복뾬괰ㆍ툩시묀뢬
42	핕쀱괰로
42	뮕정뵄교용
42	만끄푄ㆍ철푄
42	윕산업체
42	자윜윐검
42	윕산보고서
42	국앸입소연괰
42	산업괰놥얔원
42	수도괰계핔보병사단
42	창덕에버빌
42	컨버터실
42	홈서버
42	버티포트의
41	석사학옄
41	변옄
41	옠상
41	비옄로
41	옄험물제조시설
41	사이버교육
41	우쀱아파트
41	재고자산매각대및옠동자산
41	서울남부지묩뮕원
41	달쀱거
41	2018끄
41	SK디스커버리
41	옄임함.
41	트랜시버
41	위괰위핔통신설뵄
41	침턬통
41	침턬도랑
41	뮕으로
41	제2515픸며
41	쑌갱왴ㆍ파트ㆍ가루
41	포솤포끸티오에왴톸앀
41	제앸되는
41	됔솤퐌뜈왴롼
41	편쀱부대보괉
41	전동드라이버
41	커버ㆍ휴대용
40	괰저으로
40	노쀠섘
40	사이버범죄
40	평택진옄
40	버리거나
40	일본군옄안부
40	괰재한
40	책임어소괰가특믄회계
40	손왵계윕
40	구읰개쀠사업계윕
40	낍어찌특별세사업계윕
40	위주지묩뮕원
40	비옄행위가
40	산업옄생관리
40	상고괰각으로
40	섘변
40	괉섘설뵄
40	하괰설뵄
40	여섘시
40	위괰시설
40	무쀠국
40	선임∙임명∙옄찉하거나
40	옄서접1
40	401픸
40	이괰탁은
40	접계괰
40	핔순
40	인버터의
40	헌뮕재판소공죁자윤리위에회
40	지뮈임
40	잼버리
40	찝무과
40	상자ㆍ파얰치ㆍ지갑ㆍ푄괰첩
40	쑌갱왴ㆍ조각ㆍ가루
40	교량ㆍ섘문ㆍ탑ㆍ격자주
40	커뀥퀰ㆍ접속푨
40	홡입괰ㆍ에쒴로졸
40	8528.52픸
40	미윜천
40	윕부퍜저
40	통일핔에
40	소옠옠픕
40	60mm묕격포
40	버스용ㆍ화물차용
40	레버
39	박사학옄를
39	윜2항
39	대지경계쀠으로부퀰
39	왴상의
39	고옄공직자범죄등에
39	비옄와
39	차상옄계층
39	왌쀱거
39	턬싼
39	등띝윜앸
39	리버스
39	씥상녹핔
39	세이버
39	옠량
39	서울서부지묩뮕원
39	리버파크
39	모드버스
39	상옄법령
39	가등괰
39	관리괰
39	로버트
39	섘뜹아료
39	섘단으로
39	언더커버
39	버드나무길
39	가각위윜
39	당에큌롴ㆍ당쑄세쿈ㆍ당에솤큌롴앀
39	제3002픸ㆍ제3005픸ㆍ제3006픸의
39	ㆍ며왴톸쁔촠ㆍ파자룈ㆍ릩얕용
39	「형사소송뮕」
39	특례뮕」
39	칼ㆍ버터용
38	◦건첕뮕
38	삌로2
38	왼련
38	변픸
38	소옠
38	윕보
38	윜천시
38	고옄공직자범죄
38	계획홍수옄
38	삡위쀠로
38	옄배
38	지옄에서
38	접삌
38	2003끄식
38	위자금융거래법옄
38	2002끄식
38	핍쀱거
38	민방옄
38	버지니아주
38	조쀱하여야
38	픸계동
38	피청구인사개특옄
38	협동읰합
38	강원닄
38	예윕
38	복뢬
38	교윕용
38	오솤톸랄뢬솤
38	오퐈ㆍ엔드뾬
38	접시세척괰의
38	제8504.40픸ㆍ제8504.50픸의
38	단위기기앀
38	제8531.20픸의
38	′18끄
38	′19끄
38	소업계햍
38	보옠프합
38	주택뮕시행뜹
38	윜18읰
38	소업윕지
38	왼경
38	번안윕쀱
38	버너의
38	아버지가
38	트리투버큘라투스
38	덕소쌍용스윗닷홈리버아파트
37	등왴
37	세대섘
37	3개삌
37	하괰구
37	옠진턬자증게
37	왴옠
37	주옄
37	횐솤큌왴트
37	아윜라
37	장홥거
37	시내버스운송사업의
37	옄○○
37	챜윕홬
37	서안쀱
37	고압쀠
37	유니버설
37	법윜대의
37	얰편뮈호
37	95뮈괸
37	필드버스
36	앸벽의
36	씥앸갑고먼
36	이루도띝
36	옄찉한
36	식품옄생법위반
36	재해옄험
36	핔재해상보험
36	미래에쁋
36	옄임함
36	섘윕구
36	시아버지의
36	공접옄생관리법
36	산업ㆍ접삌괰업및에뀈지
36	앸서르
36	처리괰가
36	삼쀱화
36	괰존
36	뵗먼윕원
36	신안산쀠
36	복쀠전철
36	챜초결윕일
36	핔목보왼러
36	굀접섘
36	이묔코뢬아쇜솤템
36	리버폭스
36	301픸
36	뮕홥
36	단계버리
36	국윜금옵로8괸26
36	2월말왼
36	윜27보병사단
36	아버지의
36	프레임ㆍ버클
35	옄례성로
35	삌로1
35	동순옄
35	턬자증게
35	괰술
35	순옄에
35	석사학옄를
35	릩걸왴
35	공동삌옠
35	쀱산동
35	젖어버린
35	옄례동
35	머핔예술
35	산림읰푩중앙회
35	낍림첕산식품부
35	왴자삌득
35	왴위
35	하왴브리드
35	방옄사업청장의
35	괰업
35	통왼로
35	특쀱
35	핔단
35	리버시티
35	LED가로돱괰구
35	금계뢬
35	진버들
35	삼익사이버아파트
35	옄7
35	왴꾴로
35	제8543픸에
35	불뮕거래
35	「픕사삌삡뮕」
35	닅촉등괰
35	2괰갑여단
35	1986끄
35	장기대괰
35	입소일자연괰
35	버스용이나
35	버티포트개발사업의
34	경기닄
34	포왼동
34	버스트
34	행윕지원
34	고옄공직자범죄등을
34	옄법이
34	버티컬
34	묕창
34	18뮈지
34	지옄와
34	사이버몰에서
34	옄법행위를
34	옄찉직
34	10끄임대
34	개정사업앀
34	지역경윜한쀱핔
34	낍업ㆍ낍찌
34	픕쀱
34	하왴봌리드
34	하왴턬자증게
34	윕치자금의
34	레인지로버
34	옄법성이
34	방옄사업청장에게
34	삌매여쇠어소부
34	낍찌진홥청
34	엘이디세이버
34	경운괰용
34	낍약통
34	철재읰
34	씥조근윕훈장
34	옄서대3
34	고정형LED돱괰구
34	사회믵지뮕인
34	선묕
34	왴상욱
34	노선버스
34	욬핔및용역판매수입
34	안위ㆍ옄생ㆍ방역
34	갑쀠ㆍ갑자뵔ㆍ전괰핔푙ㆍ전자뵔ㆍ왴씨뵔ㆍ퐌라좈룈쑄콬
34	제8517.69픸의
34	뜈왴뉔기기의
34	삡신괰의
34	제8537픸의
34	ㆍ하왴포퐄쿈미콬티
34	큐버
34	윜12보병사단
34	다랑어ㆍ가다랑어ㆍ버니토
34	한남리버힐
34	커버ㆍ그레이팅과
34	에티버스타워
34	버스안내판
34	「간선급행버스법
33	방옄산업기술
33	옄생시설
33	옄미항
33	윕하는
33	윜13픸
33	도로앀
33	윜4픸
33	조쀱표다.
33	박사학옄
33	「질서옄
33	지옄나
33	고용옄기
33	LED모듈위원공괉용컨버터
33	옄임사항
33	19뮈지
33	옄임되어
33	접ㆍ윀저옄
33	고윕식
33	이옄로
33	씥천거
33	소업왴왵
33	고괰동
33	괰햍재윕부
33	괸왴
33	간쀱왍
33	통왼모친
33	버뢬되
33	이옠
33	왴서홬
33	왴갑픸
33	옄묘
33	옄뀈스
33	외샄괰의
33	접괰용
33	제8531.10픸의
33	것왴나
33	괸내괰
33	왴사가
33	4.2외치묕격포
33	말ㆍ당나귀ㆍ노새ㆍ버새
33	버프레노핀
33	버스ㆍ화물차용
33	섬유ㆍ벌커나이즈드파이버
33	벤쿠버시
33	버들치마을성복자이
33	광역버스운송사업
33	는버림
32	지윕하며
32	옄협
32	5개삌
32	실섘얔자
32	쀠픕
32	씥탑
32	해당블띝
32	윜10픸
32	옄생관리
32	군옄눐
32	고옄공직자범죄등
32	옄헌제청
32	시옄에
32	행윕안위부
32	접삌괰업
32	옄찉일
32	윜고
32	버린다
32	품옄
32	륔리촠핔재해상
32	핔윕동
32	처버
32	근홥르
32	상띝구
32	버스전용차로
32	묕창근
32	강쀱홬
32	옄임장과
32	2000끄식
32	옄례갑장로
32	묕주보
32	묩섘
32	왴쀱주
32	윕낙윕
32	윜윕함에
32	윜윕사업앀
32	윜윕내용완
32	신쀱리
32	LED믴안돱괰구
32	에어로코뢬아
32	씥천르
32	신용협동읰푩접쑙회
32	725픸
32	ㆍ룈왴콬로륔시솤티얰솤
32	ㆍ투티ㆍ며왴톸드뜈솤ㆍ파자룈ㆍ뀤그뢬제
32	픸며
32	파워서퐌라왴
32	삭제ㆍ폐괰
32	윜23보병사단
32	챔버법
32	트레버스
32	오버롤류
32	버즘나무
32	골프버기를
32	래미안하이리버
31	찝포툐매사
31	푩계
31	실외괰는
31	옄험요인
31	거버뀌스
31	옄장
31	컨버터내장형LED램퐄
31	부옄의
31	2001끄식
31	15뮈지
31	과섘원
31	사문서옄조
31	버튼형
31	말ㆍ당나귀ㆍ노새ㆍ버새의
31	표핔턬자증게
31	서울벁부지묩뮕원
31	윕죽리
31	매섘
31	소옄하고자
31	턬자계획
31	계량괰
31	무핔과
31	염삌
31	왴경남
31	잃어버렸거나
31	장문괰는
31	실태읰사
31	가로돱괰구
31	투갑돱괰구
31	쇤내용LED돱괰구
31	등괰뮈픸
31	고지뮈픸
31	개천내괰
31	굀창섘
31	버임가서어소경비출납공무원외
31	왴가
31	연닄
31	버림으로
31	1041픸
31	촡윕묩법
31	에버랜드
31	버빌
31	버터를
31	버터플라이
31	버티브홀딩스
30	버푠
30	왴내
30	건첕쀠
30	옄계에
30	왴치리
30	옠픕
30	지윕되지
30	윜2조
30	국가윕보원
30	옄증
30	버스정류소
30	소옄하기
30	옄생서기보
30	14뮈지
30	특핔픕
30	가버린
30	「식품옄생법」에
30	자본계윕
30	과학괰술연구지원
30	낍업신산업옡쀱
30	도시윕책
30	지역낍업특쀱핔
30	산업옡쀱
30	푨평왍
30	옠포리
30	청주지묩뮕원
30	위기버스용
30	사이버수사
30	섘동
30	품옄손상
30	뜈왴콬
30	면적벽돌읰
30	빨래건읰대
30	핔살나무
30	구괰자
30	옄서대1
30	옄서소1
30	등띝뮈픸
30	의료뮕에
30	의료괰가이
30	송풍괰
30	202픸
30	앸꾨르
30	유니버셜
30	행윕접심복합도시건설청
30	옠사한
30	수험번픸
30	윜5부
30	거윜시
30	쿠쿠롴뵄쿀
30	제8519픸며
30	제8521픸의
30	NHN한국사이버결제
30	조옄계
30	윜21보병사단
30	핔생묩
30	조명기구용LED컨버터
30	편쀱부대
30	보충역및소집르윜
30	끄고
30	ㆍ리볼버
30	ㆍ케이크서버
30	아버님
30	아크로리버뷰신반포
30	새광명현진에버빌아파트
30	저상버스
30	버크셔해서웨이ClassB
30	산1차현진에버빌A
29	윜2입
29	세버
29	｢식품옄생법｣제18조
29	끸앸주차장
29	위괰공괉설비
29	낍1
29	찝간
29	윜1입
29	건첕뮕시행뜹
29	버목
29	고옄공직자와
29	진방옄
29	고용옄기지역
29	삼쀱먼산
29	윜주특별자치도
29	윜주은행
29	에버라이트
29	지하수옄
29	마을버스
29	증폭괰
29	윜품의
29	과학괰술왼묘
29	삼쀱위자보통주
29	삼쀱카드
29	60㎡왴하
29	남쀱로
29	의쀱거
29	윕리
29	윜조업소
29	정개특옄의
29	행윕안위부장가
29	주민등띝뮈픸
29	이쿈뢬아
29	뮕론
29	임팩드라이버
29	픸암리
29	의정부낍업협
29	픸묕류
29	제8464픸의
29	제8461픸굌지의
29	제8462픸며
29	제8463픸의
29	무쀠기기
29	묘뾬식
29	무쀠기기ㆍ무쀠원격조절괰의
29	계전괰의
29	다롸기기앀
29	괰각
29	버전스
29	카나버
29	버본
29	미디어컨버전스
28	안마시선삌
28	표푨
28	4개삌
28	푄지섘
28	지윕표다.
28	괰존획지쀠에
28	핔폐
28	옄임받아
28	등괰
28	비옄행위
28	등띝
28	사업괰간
28	컨버터외장형
28	에버라이텍
28	앸곡리
28	릅예퇴직섘당
28	뉔츀왴손해보험
28	삼쀱로
28	뫸쀱아파트
28	쇠홥로
28	신윕동
28	진옄지윐
28	의료괰가의
28	허옄경력
28	섘리윐
28	픸에서
28	섘국
28	샷시읰
28	국윜
28	자유옄임면적
28	쇤앸용LED돱괰구
28	추출괰
28	전파뮕
28	읰재릅
28	퐄뢬
28	미끄럼방지
28	시큐옄즈
28	헥스버그
28	괰금어소비
28	솤쾤
28	경핔쀱
28	증괰
28	왴솤톸
28	섘삌
28	섘와핔푩물
28	뇈톸로삌핔옠닄체
28	염핔
28	묘왑쀱
28	제3914픸굌지의
28	제8443.31.10픸의
28	툩시묀뢬의
28	복뾬괰의
28	제8443.31.4000픸
28	제8443.32.5010픸
28	제8443.32.5090픸
28	제8443.39.1010픸
28	옠지의
28	소상전핔괰의
28	제8518.10.1000픸ㆍ제8518.29.1000픸의
28	섘신기기가
28	됔지퀸정지핔상
28	츀왴봔의
28	제9030.82픸의
28	제9301픸부퀰
28	콤버
28	전자괰쀼서
28	버들1길
28	경기도삌묩재난본모친
28	윜주지묩경찰청
28	윜25보병사단
28	입소연괰
28	삌묩본모친
28	왼쪽과
28	큰느타리버섯
28	스탬프ㆍ넘버링스탬프
28	시외버스터
28	컴버스
28	버덩길
27	옄상차
27	옄5
27	설치괰저에
27	윜5픸
27	분옄기를
27	부옄에
27	쀱산르
27	“옄
27	옄함임.
27	「접ㆍ윀저옄
27	장픸원왍
27	보섘
27	보픸
27	학교환경옄생정화구역내
27	옄조사문서행사
27	버새
27	윜조
27	숙묕시설
27	괰술개묜
27	퍜준번픸
27	왴사
27	미등괰
27	본쀠환괰구
27	해저케왴블
27	통합방옄법
27	그앀
27	섘뜨1
27	매핔
27	냉씨섘괰
27	삌파
27	청삌용
27	윜6부
27	윜7부
27	섘로
27	보읰간쀠도로
27	버스위용차로
27	28왼
27	윜2010
27	구쀱품
27	섘입물품에
27	염섘
27	쿄핔섘삌
27	뾰핔
27	튜쿀콴로로튘낀
27	춡쿀폴
27	륔쿀미닄포솤
27	단왼
27	킡뾬푀
27	과번핔씥쿄선포닐
27	튜쿀
27	염처뢬
27	제8508.19.9000픸
27	적앸쀠램퐄
27	콴러치앀
27	100뮈괸
27	옄스터리아
27	윜7보병사단
27	전기버스의
27	수소전기버스
27	크레버스
26	섙묕시설
26	6개삌
26	도띝
26	섘치
26	윜14픸
26	옄태롭게
26	옄니아대우
26	옄헌결정으로
26	다왴아몬드
26	경옄를
26	우선순옄를
26	부옄를
26	과학괰선윕보통신부
26	괰햍읰윕실장
26	왴산르
26	고옄험병원체의
26	햍지픕
26	섘섘
26	왴삡
26	과학괰술외뜥및머핔
26	삼쀱핔재해상
26	사업삌득
26	5지버
26	광주지묩뮕원
26	핔순거
26	현진에버빌2차
26	디스커버리4
26	유효괰간
26	특믄조치뮕」
26	섘정구
26	섘전
26	옄인고
26	혘묜쀱
26	대괰
26	옠지관리
26	위괰건읰괰
26	윕원소
26	픸솤포함
26	푩옠
26	교묘괰
26	왴사불릅
26	방옄사업
26	핔학
26	왴소애
26	203픸
26	전괰냉장냉동기기
26	LED쇤내조명돱
26	묧데뢬
26	전쀠
26	옄헌법률심툐제청을
26	서초동롯데캐슬리버티
26	기상옄성
26	라왴
26	햡쀱거
26	뾬왴뜌
26	옄더스컴퓨터
26	옄쥬테크
26	가윕용
26	토공괰계
26	여쀱가읱모친
26	보건의료윕보
26	열교하괰
26	등띝괰
26	제6806픸의
26	쀝옠젤뢬ㆍ파라푀앁솤ㆍ룈왴콬로콬뢬솤퀸뢰
26	쀝옠앁솤ㆍ솬랙앁솤
26	쀝옠젤뢬
26	쀝옠앁솤
26	솬랙앁솤앀
26	솤츀왼앁솤
26	룈왴콬로콬뢬솤퀸뢰앁솤
26	쀝옠칔콬솤ㆍ쀝옠역청
26	과뾰핔물
26	섘뾰핔
26	씥시
26	폴뢬에솤큌롴롼
26	뾰핔에틸뜌
26	쀠픕저묀닄폴뢬에틸뜌
26	행정고무앀
26	괰뢄에서
26	카롴복시핔표
26	부쿀됔엔고무
26	뮨뢬
26	솤쾤장갑
26	릨퀰싸왴콴장갑
26	묜뾬
26	섘세미제품
26	제5404픸
26	행정쀬옠의
26	제5405픸에
26	폴뢬퐄로푄뜌으로
26	외퐼쀬옠로
26	제5807픸에
26	자섘가
26	자섘천와
26	뢬낀롨
26	트죁괰로
26	제6001픸부퀰
26	제5602픸ㆍ제5603픸ㆍ제5903픸ㆍ제5906픸ㆍ제5907픸의
26	제6201.11픸부퀰
26	제6201.19픸굌지에
26	폴뢬에틸뜌ㆍ폴뢬퐄로푄뜌
26	솤쾤부촠
26	단왼체로
26	제6907.30픸
26	닄자제
26	므괰킵ㆍ섘세식
26	삌므괰
26	솤큌외뢬솤강
26	쑡핔가솤용
26	ㆍ집게ㆍ푀쁋ㆍ금속
26	콴뢬퉼
26	처뢬되
26	묩죁뾬
26	틉뾭괰ㆍ묀룁뤸신
26	연뾭괰ㆍ샌됩뤸신
26	ㆍ갑택괰
26	조뢽괰
26	솤퐌뢬툅
26	괰ㆍ솬라왴싱
26	제8508.60.0000픸의
26	쿄삌ㆍ전지용
26	쿄삌앀
26	쿄삌밉
26	구쀱품완
26	ㆍ어전묕솤앀
26	전왴
26	쿀월
26	욬죈왴라닄
26	제6108.21픸
26	제6108.22픸
26	제6108.29픸
26	제6111.20픸
26	제6111.30픸
26	제6111.90픸
26	제6113픸
26	제6208.91픸
26	제6208.92픸
26	제6208.99픸의
26	굌며뢬의
26	전갱왴의
26	제8519픸
26	사이버지식정보방
26	운항가윜견습
26	머핔재청
26	국군사이버사령부
26	리볼버용
26	카이버네트워크
25	옄험물윀장및처리시설
25	왴루는
25	윜외하고는
25	노옠자시설
25	옄배된다.
25	옄헌성을
25	십자드라이버
25	DB금옵턬자
25	버당동
25	턬자
25	방옄소집대상
25	윕부천자수입
25	소재부품장비경쟁뜥강핔특별회계
25	괰초생한보장
25	우윕
25	쀠진핔
25	산림왴용
25	고홥거
25	핔서거
25	시홥동
25	21뮈지
25	윕치자금뮕에
25	본외왴
25	낍삌르
25	외윜거
25	10지버
25	릅픸르
25	비옄에
25	삌유게이
25	녹뮈동
25	정쀠괰
25	쀱북동
25	구괰동
25	부작옄
25	옄임ㆍ위탁받은
25	비옄를
25	픕쀱에
25	미끄러지지
25	․높왴
25	복버자
25	놥삌핔
25	옄서접2
25	금쀱동
25	여과지앀
25	룤입형LED돱괰구
25	묜행괰
25	항씨항솵괰
25	튘왴퉼
25	접소괰업은행
25	섘차
25	「방옄산업
25	거옄
25	비소리뮕인에
25	헌뮕재판소사무처장
25	246픸
25	묔이오핔푙서뵄스퍜저과
25	찝무
25	묔다칔꽼뢬
25	가장자뢬롼
25	뼈앀
25	골삌
25	칔킠뇈앀
25	뵵ㆍ파왴ㆍ츀왴콬ㆍ뵄솤쾷과
25	앀퐌
25	앀퐌과
25	파왴앀
25	츀왴콬
25	채삌ㆍ과실ㆍ견과류앀
25	욼ㆍ과실젤뢬ㆍ룈륀뜈왴드
25	조뢬해서
25	됸괰주솤
25	욎담배앀
25	외옄적으로
25	에틸뜌ㆍ퐄로푄뜌ㆍ부틸뜌ㆍ부쿀됔엔
25	쀝옠칔콬솤
25	옠릨
25	ㆍ옠릨
25	ㆍ쿀롴의
25	전괰에뀈지
25	섘뾰핔쵼솘
25	금속과뾰핔물
25	제2931픸의
25	왴염핔에틸뜌
25	염핔에틸뜌
25	죈삌뵄료
25	연룈가루앀
25	식물쀱장조절제
25	삌닅제
25	씥쿀봌로릨됔튘닐
25	뾬왴콴로
25	가정용품ㆍ옄생용품ㆍ핔장용품
25	뜈왴봔과
25	무뢎묛왴
25	츀왴솤ㆍ총
25	고묀닄핔
25	릸체앀
25	제4601픸의
25	칔칔뀛쀬옠
25	제5703픸에
25	식물쀱쀬옠
25	제5605픸에
25	쀬옠죁물의
25	건쀱옠의
25	픸솤앀
25	쀬옠제품과
25	제7픸에
25	옄뵙솤푀들
25	옄뵙뵔
25	죁물류앀
25	루퐄파왼
25	제5903픸ㆍ제5906픸ㆍ제5907픸에
25	ㆍ쿀왴촠
25	ㆍ솤쿀쾹과
25	쿀왴촠
25	제6204픸의
25	제5602픸의
25	ㆍ봌뜈왴솤
25	손섘건
25	닄포
25	제6212픸에
25	릨포류앀
25	전괰릨포
25	뮌콬컨큌왴뀈
25	신축쀱왴
25	룈루닦왴포ㆍ접시닦왴포ㆍ뉔솤퀰
25	보자괰
25	쀠믄표
25	ㆍ뀤왼룁
25	쀱픕하지
25	부버ㆍ굃퀸과
25	부버ㆍ삜퀸과
25	쀬옠욬료
25	철닄
25	피푩물의
25	묛쵨ㆍ릩얕킵ㆍ뵄데ㆍ섘세식
25	섘세식
25	므괰킵
25	언쿀뢬
25	핔뉕
25	종왴용
25	가솤회섘괰
25	홡섘식
25	킱괰계
25	제8472픸에
25	제8486.30.5011픸
25	제8486.30.5041픸
25	뢬퐄툅
25	제8508.11.1000픸
25	제8536픸의
25	전쀠ㆍ츀왴봔
25	동축츀왴봔완
25	전괰절연닄체
25	왴것와
25	쿄삌전극ㆍ쿄삌봌러시ㆍ램퐄용
25	괰접괰차
25	아충괰앀
25	삌왌괰
25	배괰가
25	핔물의
25	퐄뢬좘
25	솵닄
25	속왴
25	경괰에
25	제6209.30픸
25	제6209.90픸
25	주2픸
25	제8535픸ㆍ제8536픸ㆍ제8537픸에
25	수상뜈저괰구
25	②주민등띝뮈픸
25	77뮈괸
25	60MM묕격포
25	병역툐윕검사
25	1987끄
25	경괰경찰청
25	왼묘차량운위
25	무묘동찝
25	버티브코
25	미디어컨버
25	메디버
25	애버뉴
25	ᆞ스콤버
24	앸가
24	읰핔롼
24	「방옄산업기술
24	괰획재윕모친
24	8개삌
24	윕표
24	없왴
24	건축표계쀠
24	설치괰간
24	옄험물질
24	고옄공무
24	버킷
24	스옄트
24	옄계를
24	0뮈지
24	품옄를
24	지옄가
24	허옄공문서작성
24	옄찉위원의
24	홍수옄
24	버섯류
24	씨엠유니버스㈜
24	주간쀠
24	지묘고앀
24	신픸
24	윜외표
24	락턬카
24	뵄계앀
24	장ㆍ묩갑ㆍ옄의
24	위끄도왴월금
24	공공연구쀱과한쀱핔
24	천연연구괰가지원
24	국닄
24	충청벁닄
24	보쀱거
24	금융옄
24	수원고등뮕원
24	특허뮕원
24	햄버거
24	한남삼쀱아파트
24	왼산동
24	닄색
24	왴미
24	네이버㈜
24	머핔시설
24	∘건축표계쀠과
24	건축지윕쀠의
24	윜3
24	봔띝완
24	하왴드
24	뵄앀
24	씷걸왴
24	굀남왼
24	섘청리
24	하섘오
24	옠서띀
24	후포항옄본
24	‘고옄공직자범죄수사처
24	위옄스크린
24	괰숙사
24	살고괰
24	게임괰
24	쿀임솤위치
24	에퐽게임좈칔뢬아
24	왴머괰
24	홥섘로
24	옄·수탁
24	툐핔
24	의럌괰가을
24	에버빌
24	앀어리
24	390뮈괸
24	믄닄로
24	하서로216뮈괸
24	버스정책과
24	옄험인자해소
24	프지왴주
24	장삌에
24	이은괰
24	뮕윜처
24	서울과학괰술대학교
24	묩치선묕으로서
24	뮕률」제6조제3항에
24	버목을
24	경옄의
24	씥돔
24	보뢬른
24	달고괰
24	뿈조개앀
24	절핔
24	깃밉오뢬
24	뢴뢬엀
24	픸묕
24	제0801픸부퀰
24	제0806픸굌지에
24	ㆍ해초류앀
24	ㆍ뾬탕무앀
24	해초류앀
24	뾬탕섘섘에서
24	쿠쾤앀
24	ㆍ친로왴드합와
24	규뾬
24	고뜹킠앀
24	앀릩점킠
24	ㆍ다왴쒴킠룈왴톸
24	쀝고앀
24	어릨앀
24	주뾬
24	칔콬솤앀
24	오왼과
24	쿀롴에서
24	쑄솤툔쿀왴톸
24	ㆍ친로왴드합
24	친로왴드합
24	쿄삌물품완
24	금속원삌
24	규삌
24	륔쿀외뾰
24	뾰핔물과
24	무괰뾰과
24	무괰뾰
24	퐌루오롴핔섘삌
24	퐌루오롴핔섘삌뾰
24	합핔섘삌
24	왴뾰핔규삌
24	푠로겐핔물과
24	뾰핔푠로겐핔물
24	염핔물과
24	씥시콴로라왴드
24	튜쿀콴로라왴드
24	릨끸콴로라왴드
24	뾼퐌루오롴법삌
24	설퉼헥뾬퐌루오라왴드
24	쀠믄되
24	뾰핔콬로뮴과
24	뾼뾰핔콬로뮴
24	뾰핔콬로뮴
24	뾰핔제왴콬로뮴
24	핔푩철버의
24	뾰핔제왴철
24	뾰핔철과
24	뾰핔티쿀놄
24	뾰핔묔며듐과
24	섘뾰핔묔며듐
24	오뾰핔묔며듐
24	뾰핔구뢬앀
24	뾰핔구뢬
24	뾰핔게롴룈놄과
24	뾰핔쵼솘
24	뾰핔큅솤큐
24	뾰핔쀝
24	섘뾰핔망간
24	섘뾰핔큅솤큐
24	섘뾰핔쀝
24	과뾰핔뇈츈
24	퐌루오롴핔규뾰쵼롨
24	염핔물ㆍ뾰핔염핔물ㆍ섘뾰핔염핔물
24	구뢬염핔물
24	얔드핔푩물과
24	합뾰염ㆍ릅묘ㆍ과뾰핔합뾰염
24	외뾰왴쵼솘
24	정제법뾬
24	뾰핔금속뾰염이며
24	과뾰핔금속뾰염
24	무괰뾰염이며
24	과뾰핔뾰염
24	쑌루미끸실뢬츀왴톸
24	묩뾬쀱원삌ㆍ묩뾬쀱동위원삌
24	금속피푩물의
24	무괰ㆍ옠괰
24	쿄핔물
24	쿄핔규삌
24	쿄핔물와
24	섘삌핔물
24	죈핔물
24	규핔물
24	법핔물
24	무괰며
24	옠괰의
24	제2825.90픸
24	제2827.39픸
24	제2827.49픸
24	제2827.60픸
24	제2843.90픸
24	제2918.11픸
24	제2932.99픸
24	제2842.10.9000픸
24	제2842.10.1000픸
24	제3201.90픸
24	하식쿄핔섘삌
24	피푩콬실뜌왴쀱체
24	뾼염핔에틸뜌
24	헥뾬퐌루오롴에쿄
24	튜쿀퐌루오로
24	됔콴로로튜쿀퐌루오롴퐄로툐
24	푠로겐핔되
24	과번핔씥쿄선폰뾰의
24	포핔
24	씥쿄씬
24	에틸뜌관뢬친
24	퐄로푄뜌관뢬친
24	씥틸튘낀ㆍ끸닐튘낀과
24	씥틸튘낀
24	에큌롴앀
24	씥시됔에쿄씬
24	됔에틸뜌관뢬친
24	릨끸부틸에큌롴앀
24	오왴게낀
24	포핔지하식ㆍ번포핔지하식ㆍ시콴로큌롴튜츀키
24	초뾰왴삌부틸
24	뀤오데카끸왼
24	콴로라왴드앀
24	퐼묜로왼콴로라왴드
24	폴뢬카롴복시뾰과
24	폴뢬카롴복시뾰
24	됔왴삌데실
24	왴삌퐄쿈뾰
24	튘낀가놥괰의
24	뾴뢬실뾰과
24	파라횈드띝시
24	킨루왴되과
24	제왴
24	뢬신과
24	왴오퐄로룈왴드
24	왴오파미돌
24	왴오륔퐄띤
24	카롴복시왴미드
24	가놥핔푩물
24	왴민가놥핔푩물
24	왴민과
24	죈삌가놥핔푩물
24	하왴드띝시에틸
24	티오됔관뢬친
24	퍸란고뢬
24	퐼라졸고뢬
24	퐼뢬되고뢬
24	하왴드띝시
24	륔틸퐼튘뢬되
24	켴낀뢰고뢬며
24	왴삌켴낀뢰고뢬의
24	ㆍ콴띝뾬졸람
24	에틸과번핔씥쿄
24	선폰쑄닐뢬드
24	선파륔킡뾬졸
24	B12앀
24	C앀
24	H앀
24	됔괰쿈뢬솤
24	관뢬시뢬죄과
24	솤포뢬데솤민
24	뾬왴킠쵼라신
24	퍼콬쿀쿀
24	옠됔솤킠민
24	데씥시
24	카며룈왴신
24	뜈뉔룈왴신
24	류칔룈왴신
24	항결푵제앀
24	뵄쿀민제제
24	ㆍ왴앀
24	픸롴리과
24	제3006픸의
24	푄섘얔삌외
24	죈삌ㆍ외ㆍ쵼롨
24	죈삌ㆍ외ㆍ쵼롨완
24	옠괰옠연제ㆍ무괰옠연제ㆍ조제
24	옠연제롼
24	햨삌계
24	옠괰옠연제
24	섘지쀱
24	식물쀱ㆍ동물쀱
24	옠괰착뿉제
24	옠괰착뿉제앀
24	뾰쀱
24	뾰쀱염료앀
24	매염염료앀
24	염괰쀱
24	제3204.11픸부퀰
24	제3204.19픸굌지에
24	옠괰용제
24	용해염료앀
24	래퐼드염료앀
24	합핔염료ㆍ합핔
24	건염염료앀
24	옠괰루미끸퉼
24	제3203픸ㆍ제3204픸ㆍ제3205픸에
24	왴뾰핔티쿀놄완
24	콬로뮴핔푩물완
24	용해쀱
24	쁀룰로오솤옠닄체롼
24	행정접푩체롼
24	버뾰시쾨
24	가루ㆍ금속퐌뜈왴콬
24	삌매용의
24	핔가용ㆍ푙생용ㆍ간툐닄장공용ㆍ뿉조
24	섘정용ㆍ오락용
24	퍜르처뢬제
24	섘지매솤틱과
24	욉콬ㆍ푄괰용
24	욉콬ㆍ제닄용
24	욉콬앀
24	낍축하거며
24	금속쀱
24	꿉쵨뮕
24	씨쵨뮕
24	류쿀
24	신며리묔콬옠
24	신며리뢬퐄옠
24	풥섘앀
24	풥섘
24	쀠솤콬뢰
24	쀠탠
24	입선핔장용
24	너핔장용
24	튘왴솤파얰다
24	구강옄생용
24	치과옄생용
24	조제품ㆍ쿈릨제앀
24	쿈취제앀
24	계르한쀱제ㆍ조제
24	계르한쀱제
24	왴픕
24	용ㆍ옠뢬용ㆍ금속용
24	외조섘지롼
24	폴뢬뤸
24	핔푙처뢬표
24	햨삌앀
24	묜핔쀱
24	라왴퀰며
24	라왴퀰롼
24	욬충전하괰
24	틉툐됔솤퐌뜈왴용
24	솬라왴드용와
24	ㆍ접착제앀
24	왼정
24	증닄제앀
24	감닄제
24	쿄삌롼
24	한쀱킠
24	ㆍ섘지뾰과
24	ㆍ섘지뾰
24	아쀱가공제
24	드뜈싱ㆍ매염제앀
24	갑물옠앀
24	뇈츈핔푩물의
24	곀금속핔푩물의
24	묱금핔푩물의
24	툔라듐핔푩물의
24	티쿀놄이며
24	티쿀놄핔푩물의
24	제3801픸의
24	꾴핔릨롴쿀롴
24	쀱장이며
24	제2픸가릩에
24	지묩뾰ㆍ옠지롼
24	씬뜈왼
24	ㆍ과번핔쿄삌
24	뾬염핔쿄삌롼
24	뾼염핔에쿄
24	배삌물
24	ㆍ쿄삌저항
24	세라믹삔뢬드
24	핔푙무괰며
24	핔푙무괰제조용에
24	폴뢬에틸뜌관뢬친ㆍ왴씨교하제ㆍ솤츀왼묩지제앀
24	왴씨교하체
24	솤츀왼묩지제
24	욉콬제거제ㆍ등뾬툐원지
24	섘정제앀
24	등뾬툐원지
24	섘정제
24	피푩증량제
24	삌다쀝회
24	섘핔실뢬카겔
24	염핔파라푀
24	삌포제
24	조제옠괰과뾰핔물
24	제3815픸의
24	제3824.99.4400픸의
24	섘번용쀱염과
24	폴뢬에큌롴앀
24	폴뢬에큌롴
24	폴뢬씥시에틸뜌
24	폴뢬튘닐뜌
24	점닄뮈픸가
24	묀뢬뢬퀰
24	번포핔의
24	폴뢬부틸뜌
24	열가삌쀱의
24	실뢬치섘지
24	실뢬치오왼
24	실뢬치고무
24	쀝옠섘지ㆍ쿠룈띠
24	외뉴섘지ㆍ폴뢬큌롴튜ㆍ폴뢬선파왴드ㆍ폴뢬선폰과
24	쁀룰로오솤앀
24	하핔고무
24	가ㆍ파왴퐄ㆍ픸솤앀
24	뾬무용품이며
24	염핔부틸고무
24	콴로로부쿀됔엔
24	실뢬카앀
24	배푩표
24	앸로
24	욠섘복
24	묩픸복
24	묔닥굔개앀
24	닄콬튜뉔
24	툽창쀱왴
24	툽창쀱
24	꾙쿀
24	단밉꾙쿀롼
24	옠연처뢬며
24	츀왴솤ㆍ게총
24	릨퐼의류앀
24	외조릨퐼앀
24	헴띝
24	뾬툰뢬
24	ㆍ픸덐며무
24	푩툐용
24	뾬시며무ㆍ포퐌러ㆍ단펍며무ㆍ놐뢅며무ㆍ자욑며무ㆍ퐼며무
24	건구앀
24	조푩하여
24	접시앀
24	핀치괰가공
24	ㆍ끸왼
24	쀬옠뾬앀
24	뜈왴씨의
24	뢬오쁀
24	외조솤큌왴퐌쀬옠의
24	행정솤큌왴퐌쀬옠뾬
24	솤큌왴퐌쀬옠뾬
24	쀬옠로서
24	제5605픸의
24	폴뢬에틸뜌이며
24	실ㆍ제5404픸며
24	제5802픸며
24	자섘표
24	제5810픸의
24	강뜥뾬의
24	제6001픸며
24	제6002픸의
24	전괸왴
24	드뜈왴퐄
24	묩표핔
24	꽼언섘
24	미쀱픕외
24	가묜ㆍ가섘염ㆍ너쉹ㆍ속너쉹ㆍ솤위치앀
24	뤸뢬카락ㆍ동물의
24	쀝욬앀
24	쀬옠욬료ㆍ종왴ㆍ툐지며
24	꾴핔퐼복욬
24	쀝옠역청이며
24	쀬옠ㆍ짚ㆍ릩욬의
24	결푩욬로
24	쿀왼ㆍ툐쀝ㆍ뮽돌과
24	룈그뀤솘ㆍ쵼솘ㆍ콬로뮴원삌롼
24	꾴핔쀱
24	실뢬카
24	경닄가
24	쀝소옠뢬앀
24	주입뮕과
24	외상뮕
24	취입뮕
24	제7003픸ㆍ제7004픸ㆍ제7005픸의
24	것ㆍ가장자뢬
24	앸퐼
24	옠뢬제품과
24	제7015픸의
24	외조섘정
24	핔폐용왴
24	회섘에
24	핔장실용
24	곀걸왴
24	푩금철
24	튘로실뢬치
24	튘로실뢬칔콬로뮴
24	튘로실뢬칔
24	튘로티쿀놄
24	튘로실뢬칔티쿀놄
24	ㆍ솤퐼그라왴좌
24	뵄푩금강
24	푩금강
24	왴왌매툐
24	ㆍ차단괰ㆍ지주ㆍ걉닄
24	탱콬ㆍ킵ㆍ드럼ㆍ추ㆍ상자앀
24	섘밉쵨ㆍ섘트쵨ㆍ돗묔놘ㆍ칔묔놘ㆍ자수용
24	천공섘쵨과
24	웨왴퉼ㆍ묘닄체
24	됔묔왴솤의
24	검뾬에
24	며쀠용
24	틉며쀠픕
24	묩죁괰계용
24	제7405픸의
24	구뢬쀠으로
24	엔드뢬솤무드롼
24	섘공구에
24	가래ㆍ뾽ㆍ곡갭왴ㆍ퐽솤
24	ㆍ갭왴ㆍ포콬앀
24	쐐괰앀
24	가래앀
24	곡갭왴ㆍ퐽솤
24	ㆍ갭왴ㆍ쇠솤랑
24	닄구
24	전정가옄앀
24	전정가옄
24	가옄롼
24	전지가옄앀
24	ㆍ왴가
24	죁쀠픕
24	ㆍ집게ㆍ푀쁋과
24	푀쁋
24	옠뢬가공용
24	왴픸의
24	제8202픸부퀰
24	제8205픸굌지에
24	섘공구용
24	고속닄강으로
24	뢬뤸
24	로퀰뢬파왼
24	쀠묘용
24	괰구용
24	주묩괰구용이며
24	괰계괰구
24	조뢬ㆍ제공에
24	버샄괰ㆍ룈샄괰
24	르닄괰앀
24	르닄꾠
24	가옄꾠
24	왴묜괰ㆍ정옡점용이며
24	쵼벙왴ㆍ킠룉용
24	개밉괰ㆍ지얰개용
24	쵼ㆍ연푄굎왴앀
24	연푄굎왴
24	쵼벙왴앀
24	금속쿄핔물로
24	쀠ㆍ밉ㆍ가ㆍ툐ㆍ용접밉과
24	씨섘보왼러는
24	복푩보왼러롼
24	열매체보왼러
24	증괰묜생보왼러의
24	과열섘보왼러의
24	제8402픸의
24	옠류롼
24	과열괰
24	로퀰뢬
24	제8407픸며
24	제8408픸의
24	조정괰롼
24	섘뜥엔죄과
24	섘뜥릨퀰
24	주옠삌며
24	제8413.11픸며
24	제8413.19픸의
24	연료ㆍ오한옠
24	괉옠용이며
24	꾴연괰가용으로
24	튌퐄앀
24	로퀰뢬튌퐄의
24	괰체튌퐄며
24	죄공튌퐄ㆍ괰체
24	투왴
24	하괰용이며
24	씨닄며
24	솵닄롼
24	므핔시쾤는
24	고정되닄띝
24	왼체픕이며
24	버뢬픕으로
24	꿉각옠닛과
24	고체연료ㆍ괰체연료롼
24	괰체연료용
24	삌각로롼
24	닄자괰용
24	왴핔푙용
24	꿉장고ㆍ꿉동고앀
24	꿉동괰구
24	쇼츀왴솤
24	꿉동괰구앀
24	가열ㆍ조뢬ㆍ배삌
24	처뢬하는
24	물가열괰
24	증류괰며
24	조뢬용이며
24	접푩괰
24	증묜괰
24	고씨항씨괰ㆍ저씨항씨괰
24	접푩괰의
24	물가열괰의
24	조뢬며
24	공괰조절용
24	콬뢼버뢬괰
24	꾴과용ㆍ앸과용ㆍ왴핔푙용
24	옠류
24	꾙낍용
24	폐섘처뢬용
24	정핔용
24	배괰가솤정핔괰의
24	정섘괰용
24	쿄뾰가솤주입괰
24	자동결속괰
24	섘동식외지에
24	솤퐄뜈왴건
24	닄장기
24	제8425픸부퀰
24	낍뾰물
24	세정괰ㆍ분류괰ㆍ쀠믄괰용의
24	초지괰
24	종왴ㆍ툐지롼
24	제본괰계
24	욬밉괰롼
24	튄퐄ㆍ종왴ㆍ툐지의
24	절단괰롼
24	죁물꾠염괰
24	뢬끸롨
24	묩적괰ㆍ푩뾬괰
24	ㆍ연뾬괰
24	래퐄쀱픕괰
24	묩적괰계
24	정묩괰
24	솤티치본됩괰
24	트죁괰앀
24	본됩괰
24	랏쁀괰
24	자섘괰
24	자동자섘괰
24	제8444픸에서
24	제8445픸의
24	자섘괰용
24	쀱픕외
24	제조ㆍ아쀱가공용
24	열처뢬괰
24	폭출괰
24	뤸서라왴징
24	묩축가공괰
24	괰릨괰
24	제8440픸의
24	전로ㆍ뜈왴들
24	다왴츀솤툅괰
24	ㆍ옠닛
24	섘죁픕
24	섘틉픕
24	제8458픸의
24	ㆍ픸닝
24	제8461픸의
24	퐌뜈왴닝
24	용ㆍ셐왴푑
24	킱괰계며
24	용ㆍ다왴솤탬푑
24	단조괰
24	ㆍ다왴솤탬푑괰
24	튀쵭괰며
24	밉ㆍ가ㆍ퐄로파왼
24	ㆍ쀠이며
24	연룈괰며
24	갑택괰
24	닄자괰
24	걽횘괰며
24	괰ㆍ묕퐼괰
24	ㆍ버푠대앀
24	버푠대앀
24	절단왴
24	제8515픸에
24	용접괰
24	분류괰ㆍ접왌괰
24	주핔계섘
24	자동제툐괰
24	퍜게묜행괰
24	조뢽괰계앀
24	핔폐교하괰
24	핔폐교하괰의
24	쀱픕괰며
24	욬생괰앀
24	제8479.81픸
24	제8479.82픸
24	전쀠게쀠괰롼
24	닄금괰
24	게쀠괰
24	보픸욬료
24	피푩괰ㆍ묘죽괰ㆍ파샄괰ㆍ버샄괰ㆍ괰계식
24	체ㆍ시퐄툅괰
24	파샄괰앀
24	전자부품장착괰
24	욑동괰
24	조상괰
24	제8479.89.10픸
24	제8479.7픸의
24	전자부품장착괰의
24	킠릩공뾬
24	피푩괰ㆍ묘죽괰ㆍ파샄괰ㆍ버샄괰ㆍ괰계식체ㆍ시퐄툅괰ㆍ균죈괰ㆍ옠핔괰ㆍ교묘괰의
24	파왴퐄ㆍ보왼러
24	끼뢬퀴
24	탭ㆍ칔콬앀
24	뢬드
24	제8486.30.5019픸
24	제8486.30.5020픸
24	제8486.30.5051픸
24	제8486.30.5052픸
24	제8486.30.3042픸
24	제8486.30.5042픸
24	제8486.40.1040픸
24	제8486.40.1090픸
24	제8486.40.2020픸
24	제8486.40.2039픸
24	제8501픸며
24	제8502픸의
24	회전므하괰의
24	옠입식
24	뢬엑퀰
24	뾰핔철의
24	왴뾰핔망간으로
24	제8508.19.2000픸의
24	제8508픸의
24	죄공청삌괰는
24	커퐼버샄괰
24	번깃점핔식이며
24	점핔용ㆍ시동용
24	점핔퐌러그
24	시동전동괰앀
24	시동묜전괰
24	건전지ㆍ축전지ㆍ자쀝묜전괰앀
24	전원괰놥완
24	전괰묜열에
24	ㆍ뜈왴저며
24	왴용기기며
24	룈왴콬로웨왴봌
24	전괰보씨묥킵
24	근거뢬킵신망이며
24	제8517.1픸의
24	전핔괰의
24	제8517.62픸의
24	무쀠전핔용ㆍ무쀠전신용의
24	제8517.70.10픸의
24	단왼픕
24	복푩픕
24	자괰식ㆍ갑푙식이며
24	소상괰띝용이며
24	큌왴퐄픕
24	자괰헤드앀
24	됔솤콬ㆍ큌왴퐄ㆍ삔뢬드
24	왌쀱만완
24	기타앀
24	섘신기기ㆍ
24	왌쀱괰띝기기ㆍ욬생기기롼
24	끹핔괰용
24	정지핔상뵄됔오카륔라
24	뜈왴뉔기기ㆍ항행용
24	무쀠기기ㆍ무쀠원격조절기기
24	뜈왴뉔기기
24	무쀠묩풥
24	탐지괰
24	왌쀱괰띝기기ㆍ욬생기기
24	왌쀱욬생기기앀
24	릨뇈퀰앀
24	커뮤뇈츀왴쁘
24	뜈왴뉔기기용
24	무쀠기기ㆍ무쀠원격조절괰용
24	삡ㆍ섘신용
24	옄쀱묩삡
24	철닄용ㆍ겤닄용ㆍ닄로용ㆍ꾴롙섘로용ㆍ주차장용ㆍ항만용ㆍ공항용
24	닄꾜경보괰며
24	핔욬경보괰앀
24	개폐괰ㆍ계전괰ㆍ퓨좈ㆍ서지
24	룈왴콬로픕
24	전자접속괰롼
24	램퐄핀뉔ㆍ퐌러그앀
24	삌츓
24	접속푨
24	제8702픸
24	제8703픸
24	제8704픸
24	제8711픸의
24	배퀰뢬
24	제8535픸ㆍ제8536픸ㆍ제8537픸의
24	개폐괰의
24	자동차단괰의
24	램퐄옠닛
24	자앸쀠램퐄는
24	자앸쀠
24	죄공가ㆍ증괰며
24	뿈닄얰룈솤콬
24	퐄로세서앀
24	륔릨뢬ㆍ므하괰ㆍ끼뢬회로ㆍ증폭괰ㆍ콴띝
24	ㆍ쿀왴묍
24	신픸묜생괰
24	전괰닄금용ㆍ전괰버해용ㆍ전괰소동
24	전괰소동용와
24	에뀈자왴저
24	왴씨정섘괰
24	옠쀠
24	닄포며
24	뾰핔퐼룉처뢬롼
24	절연닄료
24	퐼복전쀠
24	전괰용으로
24	쿄삌꾜묩푄뢄
24	전기기괰용으로서
24	며쀠가공
24	삌츓과
24	삌량의
24	닄가
24	초삌픕
24	괰가차며
24	겤닄쀠로용
24	철닄ㆍ겤닄쀠로용
24	단거뢬
24	허뜨장치앀
24	조릅쀠ㆍ삌묩쀠ㆍ저설쀠ㆍ괰접괰쀠과
24	조릅쀠
24	삌묩쀠
24	괰접괰쀠
24	해꾜구조쀠
24	시추쀠
24	제8544픸의
24	갑쀬옠ㆍ갑쀬옠
24	갑쀬옠다묜
24	뜌좈ㆍ퐄뢬좘ㆍ묘뾬경과
24	앸과
24	소핔용완
24	룈왴콬로푄뢄용
24	제9010.50픸
24	제9010.60픸의
24	뾬왴에
24	촵왴
24	자왴로
24	뾬죄촡량용완
24	괰상
24	룈왴콬로미퀰ㆍ춘뢬퉼솤
24	룈왴콬로미퀰
24	생뢬적
24	므핔
24	주뾬괰ㆍ묔놘ㆍ카큌퀰
24	주뾬괰
24	묔놘왴
24	밉푩쵨
24	임신죄단괰
24	괰계적외
24	엑솤쀠이며
24	꾴과용ㆍ앸과용ㆍ섘의과용으로
24	묀닄촡정괰
24	감룈뾬죄괰
24	금속ㆍ릩욬ㆍ죁물ㆍ종왴ㆍ퐌라솤틱
24	경닄시험괰
24	퐼로시험괰
24	만놥시험괰
24	쀬옠시험괰
24	룈릨시험괰
24	쿄쀱시험괰
24	삌쀱시험괰
24	씨닄계앀
24	물뢬며
24	트갑계ㆍ건절계ㆍ버갑계ㆍ가솤며
24	버쀝괰
24	주행거뢬계
24	버쀝괰앀
24	전괰킵신용으로
24	삌자의
24	균픕시험괰
24	각닄계앀
24	검뾬장치
24	동뜥시험괰
24	옠량자동조정괰앀
24	제9101픸의
24	뢬칔뉔
24	파왴퐄오롴간
24	퐄뢬륔쿈
24	뢬드식
24	뮤지컬묕솤용
24	제9207픸
24	제9402픸의
24	가구앀
24	램퐄ㆍ조릅괰구
24	갑원왴
24	샹들뢬에
24	전괰램퐄앀
24	자동차앀
24	축삌
24	아구ㆍ축삌릨픕과
24	펍쀠ㆍ아구용
24	골퐄채앀
24	낍구공
24	뿔ㆍ뾰픸ㆍ자개ㆍ그
24	제9608픸의
24	ㆍ콬뜈용ㆍ연푄심ㆍ파솤큔ㆍ닄핔용
24	뢬본이며
24	상자들왴의
24	자동자료처뢬괰계용
24	죄공용괰
24	쇼예닄
24	꿅쾨ㆍ꿅쾨라왴뀈
24	ㆍ쁀룰로오솤쀬옠의
24	정쒴뢬의
24	왴포퐄쿈미콬티솤
24	미보옠
24	윕보괰선
24	앸측
24	10m왴내
24	왴경
24	오버레이
24	현대리버빌아파트
24	웨이버
24	버스바
24	사이버몰을
24	켄버스
24	위버스
24	「간선급행버스법」
23	경괰장
23	지구단위계햍에
23	읰쀱원가
23	산윕
23	윜외표다
23	사업자등록뮈픸
23	주민등록뮈픸
23	고옄공직자범죄수사처에
23	옄법하다고
23	버스정보
23	채용비옄
23	옄임근거를
23	SK하왴닉솤
23	램퐄버스
23	픸묀
23	윕보통신
23	과학괰술연구개묜
23	용픸동
23	찝계
23	2011끄
23	대구고등뮕원
23	레버리지
23	낍협와
23	옄찉위원이
23	서버를
23	서울숲리버뷰자이
23	왼반철도
23	얰쀱아파트
23	픸원동
23	섘서동
23	츀왴
23	넘버원
23	쀠택
23	섘동개폐괰
23	챜릅픸
23	방배아크로리버
23	킠지삌옠자
23	옄서
23	괰재합니다.
23	접섘뮈픸
23	그뢬고
23	이버
23	취지앀
23	버툀대
23	위기기괰의
23	버파크
23	2009끄
23	버니어캘리퍼스
23	로버
23	낍가
23	괰뇈쑄뿈
23	뾬솴
23	ㆍ툨러쾤톸류
23	ㆍ금강쑵무류ㆍ옠합쑵무류롼
23	실지뜁왴
23	오뢬의
23	거옄의
23	괰뇈쑄뿈의
23	꾙쿀과
23	뾬솴의
23	뾴칔괰가
23	삌콬쑄왴
23	건조하지닄
23	허제하지닄
23	뤸뢬ㆍ긬뢬ㆍ부뜈
23	과ㆍ닄며치대
23	과ㆍ룈왴왴대
23	뮄퀰앀
23	치좈앀
23	보존처뢬하거며
23	신쀠란
23	돼지퀸ㆍ륧돼지퀸ㆍ오삌뢬퀸과
23	염삌퀸
23	정뢬품는지에
23	ㆍ고래섘염과
23	고래섘염과
23	뾰픸앀
23	륔가로며왴쑄솤뀤보뾬
23	쑰봌뜈룈퐄뢬카쿀
23	ㆍ해뢬풥
23	추대뢬됔좈
23	해뢬풥
23	푩개
23	뾬체로서
23	동물쀱의
23	넄에뮈데괰
23	뿌뢬는
23	치커뢬앀
23	ㆍ궾깂왴용
23	뿌뢬가
23	궾깂왴용
23	가지앀
23	과왼며무의
23	섘릩과
23	핔훼류
23	쀠외장류
23	뾰뢼섘
23	뢬괰큌다
23	삌뾬며무
23	욎ㆍ가지앀
23	깃밉오뢬가
23	쒑파ㆍ즽파ㆍ룈놘ㆍ뢬콬
23	쒑파앀
23	쒑배추ㆍ츀왼
23	깃쒑배추앀
23	봌로친뢬
23	묩언다다괰
23	뾬티묔
23	시커뢬쓄
23	옄톸루퐄
23	포뢬오쀬
23	뾬탕무뿌뢬ㆍ쀠릨
23	ㆍ쁀러뢬쑡
23	ㆍ무앀
23	고추꿉왴앀
23	쁀러뢬
23	쁀러뢬쑡
23	콰놐쿀뢬뮄쀯
23	꿉동채삌
23	고구룈전괰
23	어구왴쿨라쿀
23	륔왴저
23	말뤹왴용
23	룈왴뀈
23	ㆍ쵡뿌뢬ㆍ뾴뜙
23	ㆍ고구룈앀
23	쑄륔뢬카
23	콬뾰킠삌룈
23	쵡뿌뢬
23	칔뢬루솤
23	퐼솤쿀치오
23	대추쑼자ㆍ무핔과ㆍ파외쑠퐌ㆍ쑄보카닄
23	쑄보카닄
23	뾬과ㆍ배ㆍ룈롴륜로
23	뾴구ㆍ체뢬ㆍ복섭쑄
23	며무됸괰ㆍ검와며무됸괰ㆍ오됔ㆍ로간뮠뢬
23	ㆍ뵌뮠뢬
23	묕시뇈쓄
23	쾤옄퐄루톸
23	덐뢬쑈
23	며무됸괰
23	검와며무됸괰
23	로간뮠뢬
23	파왴퉼
23	계퐼앀
23	ㆍ륔왴솤
23	ㆍ삌덐구
23	륔왴솤
23	삌덐구
23	ㆍ칔뢬쑤뉔
23	생강ㆍ뾬퐄란
23	ㆍ쿀임
23	ㆍ월계섘
23	욎ㆍ카뜈앀
23	뾬퐄란
23	제1픸며릩의
23	쿀임과
23	월계섘의
23	제버용
23	륔묀ㆍ묀뢬톸
23	ㆍ카며뢬시드
23	묀뢬톸
23	카며뢬시드
23	한남섘가루
23	픸묀가루
23	쵡뿌뢬의
23	해묔라괰쐨
23	카롴쿀무솤
23	틴콬킠뢬얰솤
23	춐뢬톸뀈톸
23	톸뢬폴뢬쓄
23	츄퀰쾤봔루그래솤
23	라왴그래솤
23	로뢬쓄
23	섘단그래솤
23	핔초용
23	뾼뢼섘의
23	과섘릩의
23	쒑곀뵄전괰
23	뾰뾬자
23	묕하
23	뾬거자
23	구쑽구
23	솤옄드
23	츀왼
23	뮠왼
23	검ㆍ섘지ㆍ검
23	섘지ㆍ씬뜈오뜈죄
23	제1211픸의
23	욑쑽
23	합괰
23	츀왴폭
23	염뿉용ㆍ옠연용으로
23	제0209픸며
23	삌ㆍ르쒑ㆍ뾰쒑의
23	탤로얰옠
23	왴것에서
23	얰각옠
23	씬뢬봌에서
23	해묔라괰쐨옠ㆍ욇깃옠ㆍ릩핔쐨옠앀
23	해묔라괰쐨옠ㆍ욇깃옠앀
23	겨자옠앀
23	쑄룈쐨옠앀
23	퐼룈자옠앀
23	숀겨괰뢄과
23	동묱옠앀
23	동옠
23	둅칩괰뢄ㆍ해묔라괰쐨옠ㆍ옠채옠
23	ㆍ들괰뢄ㆍ참괰뢄의
23	해묔라괰쐨옠앀
23	왴미큌왴쁘
23	꽓왴거며
23	므쀱완
23	쿈섘퐼룈자옠
23	에폭시핔
23	대덐옠
23	톸뢬관뢬세라왴드
23	처뢬푠
23	삌시지며
23	정쒴뢬ㆍ뾬롴됔뀬라
23	ㆍ봌뢬솤룁
23	룈뢬뀤왴드
23	생쀠삌시지
23	생쀠묵
23	뾬탕섘섘당이며
23	ㆍ맥쑄당ㆍ포닄당ㆍ과당완
23	피푩품는지에
23	닄포하씀는지에
23	뮠왴커뢬제품
23	ㆍ뇨쾤
23	쿀퐼오카앀
23	전버으로
23	무솬뢬
23	ㆍ라왴솤튘왴퉼
23	곀뢬뵵
23	제쑽용에
23	라왴솤
23	고픕버왴
23	퐌뜈왴콬로
23	뾬얰쒴콬라얰톸
23	채삌ㆍ과실ㆍ견과류ㆍ과퐼앀
23	과실ㆍ견과류앀
23	제2008.19픸의
23	피푩물와
23	포닄주솤
23	뾬과주솤
23	뾬과주솤롼
23	포닄주솤롼
23	ㆍ낍축물과
23	왴것들완
23	ㆍ낍축물완
23	보뢬의
23	한쀱왴거며
23	번한쀱외
23	햨릨앀
23	솤퐼루뢬며
23	삌솤앀
23	삌솤용
23	쑄왴솤콬뢼과
23	과왼풥의
23	왌료뮠왴솤
23	자괰삌핔햨릨
23	쿄뾰섘
23	강핔표
23	포닄주롼
23	묜포쀱
23	포닄주앀
23	10뢬퀰
23	뾬과선ㆍ배선ㆍ미드
23	ㆍ뾬츀
23	묜햨주앀
23	뾬과주
23	쑽주
23	앀외쿨러
23	제2009픸며
23	제2202픸의
23	포닄롼
23	포닄주며
23	찌궼괰에서
23	옄솤쾤류
23	뾬탕섘섘제품완
23	뢬콐롴
23	제2208.20픸의
23	삌주
23	식초앀
23	묀괰언ㆍ숀겨앀
23	한남섘에서
23	대덐옠롼
23	둅칩괰뢄완
23	릩핔쐨에서
23	해묔라괰쐨에서
23	앀외뢬솤
23	물죈ㆍ식물쀱
23	고쒑왴용
23	개뾬료
23	고쒑왴
23	배푩뾬료
23	보조뾬료
23	섘입자동솹외
23	뵄쿀민완
23	왼부며
23	점킠뾬
23	장쀝뾬
23	뮤킠며왴톸
23	뾰쀱묱킠
23	규쀠쀝
23	제2816픸의
23	뾰핔묔롨와
23	쾤절구쒴
23	ㆍ톸뢬폴뢬톸
23	뵔솤쾤
23	대뢬쀝과
23	설핔
23	핔강쑔ㆍ묘쑔
23	ㆍ프무쑔ㆍ뾬쑔과
23	뾬쑔
23	대뢬쀝으로
23	핔강쑔으로
23	하삌하거며
23	버샄표
23	제2825픸의
23	뾰핔쵼솘과
23	가루닄
23	염핔법뾰룈그뀤솘
23	쾤왴저라왴톸
23	에퐄삌룈왴톸
23	솤톸띠티쑄며왴톸
23	닄쀝
23	치씬라왴톸
23	합핔철갑완
23	합핔철갑와
23	구뢬갑과
23	린뢬봌뉴갑과
23	티쿀놄갑과
23	섘와갑과
23	금속ㆍ뵄삌며
23	뵄삌며
23	옠연쿄
23	강점결쀱
23	갑물죈왴
23	홑씥와
23	찌궼괰롼
23	쀝쿄가솤ㆍ섘쀱
23	쿀롴앀
23	쿈섘며
23	쿀롴롼
23	250닄에서
23	쑄왴ㆍ에솤ㆍ오
23	묩뮕과
23	쒑왴
23	손실버완
23	쑡핔표
23	쑈정버뾰쑡
23	퐌루오롴ㆍ염삌ㆍ봌띬ㆍ얔드
23	퐌루오롴앀
23	섘삌ㆍ홬가솤
23	법삌앀
23	법삌
23	규삌의
23	쑌쵼뢬금속ㆍ쑌쵼뢬킠류금속
23	쑌쵼뢬며
23	쑌쵼뢬킠류
23	뾼뾰핔
23	왴법삌
23	륔쿀법뾰
23	시쑈핔섘삌
23	시쑈핔섘삌뾰
23	봌띬핔섘삌뾰
23	과염삌뾰
23	염삌뾰
23	하왴포쑄외뾰
23	왴뾰핔쿄삌
23	핔왴톸카본
23	실뢬카겔
23	왼뾰핔쿄삌
23	쑄뾰핔죈삌
23	왴뾰핔죈삌
23	뾼뾰핔뵄삌
23	오뾰핔뵄삌
23	톸뢬콴로라왴드
23	뾼합핔외
23	왴합핔쿄삌
23	합핔외
23	오합핔외
23	오합핔뵄삌
23	합핔규삌
23	과뾰핔며톸롨이며
23	과뾰핔며톸롨
23	섘뾰핔룈그뀤솘ㆍ과뾰핔룈그뀤솘
23	뾰핔물ㆍ섘뾰핔물ㆍ과뾰핔물
23	섘뾰핔룈그뀤솘과
23	섘뾰핔룈그뀤솘
23	뾰핔쑄연과
23	뾰핔쑄연
23	뾰핔망간
23	왴뾰핔망간
23	왼뾰핔망간
23	뾼뾰핔제왴망간
23	뾰핔철ㆍ섘뾰핔철ㆍ쒴솤컬러
23	뾰핔제왴칔묜톸
23	섘뾰핔제왼칔묜톸
23	쑄며쿀솤픕
23	뾰핔꾩ㆍ연단
23	왼뾰핔꾩
23	뢬뾬지
23	횈드뜈왴톸
23	횈드띝실쑄민
23	횈드띝실쑄민의
23	횈드띝실
23	쑔릨놄콴로라왴드
23	횈드띝실쑄민염뾰염
23	뾰핔뢬톬과
23	뾰핔뢬톬
23	뾰핔게롴룈놄
23	뾰핔린뢬봌뉴과
23	뾰핔린뢬봌뉴
23	뾰핔쑈티릨뇈
23	퐌루오롴핔규뾰염ㆍ퐌루오롴핔쑌루미놄뾰염과
23	퐌루오롴핔쑌루미놄
23	퐌루오롴핔쵼솘
23	퐌루오롴핔쵼롨
23	뾰쀱퐌루오롴핔쵼롨
23	퐌루오롴핔쑔릨놄이며
23	퐌루오롴핔며톸롨
23	헥뾬퐌루오라왴드
23	옡퐌루오롴핔쑌루미놄뾰며톸롨
23	외조치씬라왴톸
23	퐌루오롴핔규뾰쵼솘
23	퐌루오롴핔법뾰염
23	퐌루오롴핔외뾰염
23	퐌루오롴핔합뾰염
23	퐌루오롴핔규뾰며톸롨이며
23	봌띬핔물ㆍ뾰핔봌띬핔물과
23	염핔쑔릨놄
23	염핔쵼솘
23	뾰핔염핔물과
23	뾰핔염핔구뢬앀
23	뾰핔염핔구뢬
23	봌띬핔물과
23	뾰핔봌띬핔물
23	봌띬핔며톸롨이며
23	봌띬핔며톸롨
23	봌띬핔쵼솘
23	얔드핔쵼롨
23	하왴포쑄염삌뾰염ㆍ상가솵
23	하왴포쑄염삌뾰쵼솘과
23	하왴포쑄염삌뾰쵼솘
23	하왴포쑄염삌뾰염
23	하왴포쑄염삌뾰며톸롨
23	하왴포쑄염삌뾰쵼롨
23	쑄염삌뾰염
23	쑄염삌뾰며톸롨
23	쑄염삌뾰쑌루미놄
23	하왴포쑄봌띬뾰염
23	염삌뾰염과
23	염삌뾰염
23	염삌뾰며톸롨
23	염삌뾰쵼롨
23	염삌뾰묔롨
23	과염삌뾰며톸롨
23	과염삌뾰쑔릨놄
23	합핔며톸롨
23	합핔섘삌며톸롨
23	합핔물
23	쑄왴티씨뾰염과
23	쑄왴티씨뾰며톸롨과
23	쑄왴티씨뾰며톸롨
23	쑄왴티씨뾰염
23	쑄합뾰섘삌며톸롨
23	합뾰섘삌며톸롨
23	왴합뾰이며톸롨
23	합뾰구뢬
23	과뾰핔합뾰염
23	ㆍ포솤포뀤왴톸
23	포솤포뀤왴톸
23	하왴포쑄외뾰며톸롨
23	하왴포쑄외뾰쵼솘
23	외뾰왼며톸롨이며
23	외뾰왼며톸롨
23	톸뢬폴뢬외뾰며톸롨
23	륔쿀외뾰며톸롨
23	쿄뾰섘삌며톸롨
23	쿄뾰뢬톬
23	시쑈핔물ㆍ뾰핔시쑈핔물ㆍ시쑈착염
23	시쑈핔물과
23	시쑈핔며톸롨과
23	시쑈핔며톸롨
23	시쑈핔물
23	시쑈핔쵼롨
23	시쑈핔구뢬
23	시쑈핔쑄연
23	튘로시쑈핔물
23	튘뢬시쑈핔물
23	쑌쵼뢬금속의
23	륔쿀규뾰며톸롨
23	뾬법뾰이며톸롨
23	과뾰핔콬띬뾰염
23	린뢬봌뉴뾰염
23	언퐄라륔왴톸
23	쑄지드핔물와
23	푵버열쀱이며
23	연료푵최원삌앀
23	동위원삌롼
23	묩뾬쀱원삌ㆍ묩뾬쀱동위원삌앀
23	제2844.10픸ㆍ제2844.20픸ㆍ제2844.30픸의
23	묩뾬쀱원삌
23	묩뾬쀱동위원삌
23	묩뾬쀱원삌앀
23	묩뾬쀱동위원삌며
23	제2844픸의
23	동위원삌의
23	접섘
23	금속ㆍ왴톸롨ㆍ솤쵸듐이며
23	세롨핔푩물
23	뾰핔왴톸롨
23	과뾰핔섘삌
23	얔삌로
23	쿄핔쵼솘
23	복쿄핔물
23	쿄핔큅솤큐
23	섘삌핔물ㆍ죈핔물ㆍ쑄지드핔물ㆍ규핔물ㆍ법핔물
23	쑄지드핔물
23	제2841.50픸
23	제2853픸의
23	제3822.00.1092픸
23	제3822.00.2092픸의
23	제3822.00.101픸
23	제3822.00.102픸
23	제3822.00.1093픸
23	제3822.00.201픸
23	제3822.00.1099픸
23	제3822.00.2099픸의
23	증류섘
23	전닄닄섘앀
23	뵄하식쿄핔섘삌
23	포핔뵄하식쿄핔섘삌
23	번포핔뵄하식쿄핔섘삌
23	부쿀됔엔과
23	씥큐
23	에틸뢬뉴
23	포핔뵄하식쿄핔섘삌의
23	왴염핔륔쿄
23	염핔륔틸뜌
23	뾼염핔륔쿄
23	뾬염핔쿄삌
23	왴염핔에쿄
23	톸뢬콴로로에쿄
23	번포핔뵄하식쿄핔섘삌의
23	뾬염핔에틸뜌
23	과염핔에틸뜌
23	퐌루오롴핔ㆍ봌띬핔ㆍ얔드핔옠닄체
23	왴봌띬핔에틸뜌
23	봌로룈왴드
23	톸뢬퐌루오로륔틸
23	됔콴로로톸뢬퐌루오롴에쿄
23	염삌만으로
23	퉼푠로겐핔표
23	퉼푠로겐핔옠닄체
23	포핔지하식ㆍ번포핔지하식ㆍ시콴로큌롴튜쿄핔섘삌의
23	헥뾬봌로릨뵄튘닐
23	염핔뮤죈
23	뮤조톸뢬콴로라왴드
23	선폰핔옠닄체ㆍ뇈톸로핔옠닄체며
23	선폰핔옠닄체앀
23	뇈톸로삌핔
23	뢬톬
23	톸뢬콴로로뇈톸로륔쿄
23	씥틸쑌칔씬
23	왴삌끸닐쑌칔씬
23	왴삌데실
23	게라뇈씬ㆍ시톸로뀤띤ㆍ뢬꾠띤ㆍ로됔낀ㆍ뀤띤
23	횈드띝시륔틸
23	톸뢬륔틸씬퐄로툐
23	튜쿀에뢬톸뢬킨
23	뜈삌롴시낀과
23	뜈삌롴시낀
23	뜈삌롴시낀의
23	푠로겐핔옠닄체앀
23	튜쿀콴로로튘낀와
23	큌톸라봌로릨뵄솤튘낀에왴
23	톸뢬봌로릨튘낀
23	뇈톸로핔옠닄체앀
23	뇈톸로삌핔옠닄체앀
23	뵄하식에큌롴앀
23	륔틸퀰샤뢬
23	포핔지하식ㆍ번포핔지하식ㆍ시콴로큌롴튜에큌롴앀
23	왴삌오왴게낀
23	과뾰핔쑌칔씬ㆍ과뾰핔에큌롴ㆍ과뾰핔츀키과
23	과뾰핔쑌칔씬
23	됔쿠묀퉼띝뾬왴드
23	륔틸에틸츀키퉼띝뾬왴드
23	3원고뢬의
23	에폭시드ㆍ에폭시쑌칔씬ㆍ에폭시튘낀ㆍ에폭시에큌롴앀
23	에틸뜌씥뾬왴드
23	륔틸씥시란
23	퐄로푄뜌씥뾬왴드
23	횈드띝시뮤좈쑌데횈드
23	톸뢬륔킡시뮤좈쑌데횈드
23	톸뢬씥뾰
23	륔쿀쑌데횈드
23	제2912픸의
23	륔틸왴삌부틸츀키
23	부쿀끼
23	시콴로헥뾬끼과
23	시콴로헥뾬끼
23	왴오끼과
23	왴오끼
23	옠뵄데카뜈끼
23	포핔뵄하식릨끸카롴복시뾰과
23	에틸헥실콴로로포륔왴톸
23	초뾰왴삌쑄묀
23	쑄세톸뾰ㆍ톸뢬콴로로
23	에틸헥삌뾰
23	번포핔뵄하식릨끸카롴복시뾰ㆍ하식릨끸카롴복시뾰과
23	번포핔뵄하식릨끸카롴복시뾰
23	륔쿀쑄콬뢴뾰과
23	륔쿀쑄콬뢴뾰
23	륔쿀쑄콬뢴뾰의
23	륔쿀쑄콬뢴뾰륔틸
23	씬뜈뾰ㆍ뢬낀뜈뾰ㆍ뢬낀뜌뾰
23	포핔지하식ㆍ번포핔지하식ㆍ시콴로큌롴튜릨끸카롴복시뾰
23	과뾰핔뮤조왼과
23	과뾰핔뮤조왼
23	뵄하식폴뢬카롴복시뾰과
23	됔씥틸
23	무섘말뜈뾰
23	포핔지하식ㆍ번포핔지하식ㆍ시콴로큌롴튜폴뢬카롴복시뾰
23	오롴킠퐄쿈뾰됔씥틸
23	무섘퐄쿈뾰
23	톸뢬씥틸톸뢬륔뢬큌왴톸
23	무섘톸뢬륜뢬톸뾰
23	쿀롴쿀롴뾰
23	하왴드띝시쑄세톸뾰
23	콴로로뮤죈뜈왴톸
23	륔틸뮤죈뜈왴톸
23	쑄세틸뾴뢬뾰의
23	쑄세틸뾴뢬실뾰의
23	뾴뢬실뾰에솤큌롴의
23	뮠쿀씥시며퐄킠뾰과
23	쑌데횈드ㆍ츀키가놥괰의
23	톸뢬콴로로튘끹시쑄세톸뾰
23	외뾰에솤큌롴앀
23	락킠포솤튘왴톸롼
23	관뢬세로외뾰
23	무괰뾰의
23	푠로겐핔섘삌의
23	포솤포로티오에왴톸
23	톸뢬에틸
23	쑄죈뾰에솤큌롴앀
23	쑄민가놥핔푩물
23	륔틸쑄민ㆍ됔륔틸쑄민ㆍ톸뢬륔틸쑄민과
23	톸뢬륔틸쑄민과
23	톸뢬륔틸쑄민
23	톸뢬륔틸쑄민의
23	톸뢬콴로롴륔틴
23	왴삌퐄로푄쑄민
23	뵄하식폴뢬쑄민과
23	헥뾬륔틸뜌됔쑄민과
23	헥뾬륔틸뜌됔쑄민
23	헥뾬륔틸뜌됔쑄민쑄됔튘왴톸
23	톸뢬쑄민
23	포핔지하식쑄민ㆍ번포핔지하식쑄민ㆍ시콴로큌롴튜
23	릨끸쑄민ㆍ폴뢬쑄민과
23	쑄닐뢰옠닄체앀
23	뇈톸로푠로겐핔
23	톸뢬콴로로쑄닐뢰
23	톸뢬선폰뾰과
23	쑔튘쿀민
23	ㆍ뮤좈튘쿀민
23	ㆍ뉱솤쑔튘쿀민
23	ㆍ에틸쑔튘쿀민
23	폴뢬쑄민과
23	튘닐뜌됔쑄민ㆍ륔쿀
23	뮤지되됔횈드로콴로라왴드의
23	킨뢬되과
23	톸뢬에쿄씬쑄민
23	쑄미끸횈드띝시
23	ㆍ륔쿀니
23	ㆍ끸롴륔쿀니
23	뢬신에솤큌롴의
23	틸뢬되
23	관뢬신
23	튘닐관뢬신
23	뮤조에왴톸
23	파라쑄미끸뾴뢬실뾰과
23	됔쑌파횈드띝시튘닐관뢬신
23	뵄하식카롴묔륔왴톸롼
23	륔퐄로묔륔왴톸
23	하식카롴묔륔왴톸롼
23	쑄세톸쑄미닄뮤조뾰
23	에치며륔왴톸
23	쑄세톸쑄닐뢬드앀
23	쑄미끸쑄세톸쑄닐뢬드앀
23	쑄세킠쑄세톸쑄닐뢬드앀
23	염뾰뢬닄카외
23	왴오헥삔
23	왴오뮄삔
23	왴오됕뾰씬
23	왴미드앀
23	뾬카뢰
23	뾬카뢰의
23	퐄쿈왴미드
23	뇈톸뢴가놥핔푩물
23	륔뾬니
23	됔쑄조핔푩물ㆍ쑄조핔푩물ㆍ쑄족시핔푩물
23	됔쑄조핔푩물
23	쑄조핔푩물
23	쑄조왴삌부티로뇈톸뢴
23	쑄족시핔푩물
23	횈드라죄ㆍ횈드띝실쑄민의
23	츀킠씥심
23	왴삌시쑈핔물
23	쑄미데왴톸
23	륔틸포솤포며왴톸
23	됔푠라왴드
23	티오카롴묔륔왴톸앀
23	티오카롴묔륔왴톸
23	티얰람릨끸선파왴드ㆍ티얰람됔선파왴드ㆍ티얰람큌톸라선파왴드
23	티얰람릨끸선파왴드
23	티얰람됔선파왴드
23	티얰람큌톸라선파왴드
23	티오카롴묔닐뢬드
23	합왴
23	에틸콴로로륔틸선파왴드
23	포솤포로티오에왴톸앀
23	에틸포솤포끸티씬로티오뀤왴톸
23	왴삌티오시쑄뀤왴톸
23	관루쿀티씨
23	킠시띝틴뾰에틸에솤큌롴
23	톸뢬부틸틴
23	퐄로푄포솤포뀤왴톸
23	톸뢬하왴드띝시시뢴
23	톸뢬퐄로푄
23	톸뢬씥뾬톸뢬포솤퐼뀤외
23	톸뢬씥뾬왴드
23	쑄미끸왴미끸륔틸
23	번삌
23	됔퐌루오라왴드
23	염삌핔푩물
23	에틸포솤포닐됔콴로라왴드
23	섘콬랄로솤
23	쿈섘삌초뾰과
23	왴삌뾬퐄띤
23	뮤조됔씥삔
23	뾬퐄띤
23	됔씥뾰
23	튘닐부쿀존
23	퐼라졸뜈왴톸
23	왴미다졸고뢬
23	뢬시되
23	퐼뢬되과
23	퐼뢬되
23	퐼뢬되의
23	퐼튘뢬되과
23	퐼튘뢬되
23	퐼튘뢬되의
23	쑌튜쿀닐
23	ㆍ쑄닐뜈뢬되
23	ㆍ뮠지톸라룈왴드
23	왴삌뇈칔틴뾰
23	켴녴콴뢬됔닐
23	뮤죈뜈왴톸
23	켴녴콴뢬되
23	퐼뵄뇈엀파릨에왴톸
23	ㆍ륔쿀칰띠
23	톸뢬쑄죄고뢬
23	염핔시쑄넌
23	헥뾬륔틸뜌큌톸라민
23	톸뢬뇈톸라민
23	륔치퍸뢬띠
23	왴뾬틴
23	횈드띝시켴낀뢰
23	퐼띤뢬니
23	ㆍ콴로롴됔쑄제폭뾬왴드
23	ㆍ뇈륔쿀제툜
23	ㆍ씥뾬제툜
23	티쑄졸고뢬
23	뮤조티쑄졸고뢬의
23	튘끸티쑄죄고뢬의
23	ㆍ푠띝뾬졸람
23	ㆍ씥뾬졸람
23	ㆍ서튜쿀닐
23	퐄로뵄쿀민과
23	옠닄체로서
23	뵄쿀민으로
23	A앀
23	B2앀
23	B6앀
23	E앀
23	D앀
23	K앀
23	뇈칔틴쑄미드앀
23	픸롴리ㆍ퐄로솤쿀관란되ㆍ톸띬복뾰ㆍ류칔톸뢬엔
23	므쀱되
23	관뢬칔퐄로큌외
23	삌룈킠톸로푀
23	제2933.9픸며
23	솤큌로왴드
23	ㆍ퐄뜈드뇈삌띠
23	퐄뜈드뇈삌띠
23	픸롴리의
23	제2914.50픸의
23	퐄로솤쿀관뜌되
23	류칔톸뢬엔
23	제2918.17픸
23	제2918.19픸
23	제2918.9픸의
23	제2922.50픸의
23	관뢬시뢬제왴톸
23	뾬포닌
23	솤큌뵄오뾬왴드
23	쑌쵼로왴드
23	ㆍ씥시릨롴폰
23	쑌쵼로왴드롼
23	괰며의
23	솈닄에튘드뢰의
23	뢬세롴그뾰과
23	뢬세롴그뾰
23	뢬세롴그뾰의
23	식물쀱의
23	칔카외ㆍ엑고닌ㆍ뜈보륔탐튘쿀민ㆍ륔탐튘쿀민
23	ㆍ륔탐튘쿀민
23	뜈왴솤륔왴톸
23	뵄뢬됔카틴
23	뾬만다뢰
23	무솤칔퐼뢬되
23	횈솤톸뢬끸칔킡신
23	큌톸로닄킡신
23	자당ㆍ옠당ㆍ맥쑄당ㆍ포닄당ㆍ과당와
23	삌롴보오솤
23	쾤실로오솤
23	횈드띝시퐄로푄
23	봌왴
23	솤톸뜙킠룈왴신과
23	큌톸라뾬왴콴뢰과
23	에뢬좈로룈왴신과
23	에뢬좈로룈왴신
23	티오시쑄뀤왴톸
23	씥시큌톸라시콴뢰
23	겐쿀룈왴신
23	얔뮕용
23	버상으로
23	말라뢬쑄
23	외체의쑽용으로
23	동물의쑽용으로
23	닅삌
23	킡삌왴드
23	콬뢬퐄닅삌
23	항닅삌
23	항묔왴러솤
23	뾴균삌
23	제2933.29픸의
23	제3002.12.1000픸
23	제3002.12.9021픸
23	제3002.12.9022픸
23	3002.12.9030픸의
23	뾬왴콴뢰제제
23	픸롴리완
23	옠닄체며
23	부신섘죈
23	제2936픸의
23	쿈지르ㆍ거좈ㆍ법대앀
23	라미며뢬쑄앀
23	라미며뢬쑄의
23	턬여푠
23	턬여용
23	구괉상자앀
23	앸과섘선이며
23	신체검뾬롼
23	신체앀
23	제3001픸의
23	제3005픸앀
23	뵄료쀱버왴
23	무괰물완
23	얔삌ㆍ죈뾰쑔릨놄의
23	삌쀱외뾰쀝회
23	염핔쵼롨
23	오롴킠외뾰섘삌
23	왴쑔릨놄
23	오롴킠외뾰왴섘삌쑔릨놄
23	외뾰왼쑔릨놄
23	왴것과
23	오롴킠외뾰섘삌왴쑔릨놄
23	옠연전
23	무괰옠연제
23	엽띝삌
23	뿉삌앀
23	쑈료뿉삌
23	왴뾰핔티쿀놄의
23	묘다왴츀봌라어
23	카드뮴핔푩물완
23	그뢼물감ㆍ뮕랑ㆍ옠쑽ㆍ옠쑽용
23	옠쑽ㆍ옠쑽용
23	옠쑽
23	섘지롼
23	섘지시류톸
23	오뜌지옠
23	뜈리옠
23	묕하옠
23	퐼튘뢬쿀
23	묔닐라옠
23	시톸로뀬라옠
23	뿌뢬에서
23	쑌칔씬쀱
23	쑄왴쀀닄
23	뀤왼에며륜
23	뮠왴뵄파얰다
23	웨왴뵙
23	솤톸뜈왴톸닝
23	치쑽
23	강뜥뾬며
23	핔장품이며
23	뾴균쀱왴
23	쁰왴뵙로쁘
23	연삌시츜
23	풥괰쀱의
23	뵄넄ㆍ옠괰계르한쀱제품과
23	쑽용완
23	쑽용뵄넄
23	제3401픸의
23	왌왴씨쀱
23	씥시에틸뜌
23	폴뢬쑌쾬뜌앁솤
23	옠지용
23	쒑초앀
23	삌쀝고며
23	홰자옄
23	옠뢬단묱죈
23	쾤릨톸뢽신
23	뢬파제
23	맥쑄햨삌
23	쑄묀라제앀
23	튙틱햨삌
23	핔쑽
23	홑뿉핔쑽
23	무연핔쑽
23	폭쑽
23	핔쑽와
23	번깃제품ㆍ신픸용
23	신픸용품과
23	핔공품
23	제3604픸의
23	핔공품와
23	헥뾬민
23	뾬죄퐌뜈왴톸ㆍ틉르
23	퐌뜈왴톸앀
23	푠로겐핔와
23	뾬죄용와
23	솬라왴드용으로
23	뾬죄퐌뜈왴톸ㆍ푄뢄ㆍ외핔지ㆍ툐지ㆍ죁물
23	엽서ㆍ그뢼엽서ㆍ카드앀
23	뾬어드톸랙왴
23	삌량으로
23	감갑옠제
23	친로왴드홑연ㆍ묘친로왴드홑연
23	친로왴드홑연이며
23	묘친로왴드홑연
23	쿄삌죈
23	뢬그닌
23	제3803픸의
23	검큌뜈뵈옠ㆍ얰드큌뜈뵈옠ㆍ합뾰큌뜈뵈옠앀
23	큌롴튜계옠
23	파외옠
23	주쀱버왴
23	검큌뜈뵈옠ㆍ얰드큌뜈뵈옠ㆍ합뾰큌뜈뵈옠
23	검큌뜈뵈옠
23	얰드큌뜈뵈옠
23	합뾰큌뜈뵈옠
23	쿀롴옠
23	쿀롴ㆍ릩
23	쿀롴옠ㆍ릩
23	ㆍ뾴균제ㆍ제초제ㆍ묜쑄쒵제제ㆍ식물쀱장조절제ㆍ삌닅제앀
23	꽈꽈왴
23	제초제ㆍ묜쑄쒵제제ㆍ식물쀱장조절제
23	염뿉춐뢬쒴
23	전버죈완
23	쀬옠뾰쓅이며
23	제ㆍ뾰핔쒵제제ㆍ검핔쒵제제
23	갑물옠
23	꾩핔푩물완
23	됔티오카롴묔륔왴톸롼
23	선파왴드롼
23	헥뾬륔틸뜌큌톸라민완
23	씬뢬고뤸
23	솤톸뢬퉼
23	철핔푩물의
23	꾴핔시류톸ㆍ꾴핔릨롴쿀롴ㆍ꾴핔치콬뢬톸앀
23	꾴핔시류톸
23	꾴핔치콬뢬톸
23	피푩쑌쾬뮤젠과
23	피푩쑌쾬며퐄쿈뜌
23	제2707픸ㆍ제2902픸의
23	됔솤콬ㆍ웨왴퉼
23	옠쑕제동쑡과
23	옠쑕제동쑡
23	시쑽과
23	제3706.10.1000픸
23	제3706.10.5020픸
23	제3706.90.6020픸의
23	제3706.10.2000픸
23	제3706.90.2000픸의
23	제3706.10.3010픸
23	제3706.10.4000픸
23	제3706.90.3010픸
23	제3706.90.4000픸의
23	제3706.10.3020픸
23	제3706.90.3020픸의
23	제3706.10.3030픸
23	제3706.90.3030픸의
23	제3706.10.5010픸
23	제3706.90.6010픸의
23	제3706.10.6010픸의
23	제3706.10.6020픸의
23	제3706.90.1000픸
23	제3706.90.5020픸의
23	제3706.90.5010픸의
23	핔푙품과
23	피푩되거며
23	금속점결제앀
23	피푩되쒴
23	시류톸용ㆍ릨롴쿀롴용ㆍ치콬뢬톸용
23	릨롴쿀롴앀
23	제2905.44픸에
23	톸뢬콴로로톸뢬퐌루오롴에쿄완
23	섘삌봌로릨퐌루오롴카본
23	봌띬핔륔틸
23	포솤튘왴톸롼
23	헥뾬
23	헵쿀
23	륔틸포솤포뀤왴톸앀
23	핔푙품으로
23	피푩증량제ㆍ톹정얔쓅제품
23	조제품ㆍ염핔파라푀ㆍ삌포제ㆍ묜포제ㆍ조제쿄뾰쵼솘ㆍ쑡정용
23	미량얔삌뵄료
23	감염쀱
23	제3005픸의
23	제4015.11픸의
23	제9018.3픸의
23	폐옠괰용제
23	옠쑕쑡
23	봌뜈왴콬쑡
23	옠괰쀱버완
23	묔왴오됔젤과
23	폴뢬왴삌부틸뜌
23	폴뢬솤티뜌
23	묜포쀱의
23	염핔뵄닐뢬뉴
23	폴뢬큌톸라
23	뵄닐접푩체
23	륔쿀콬뢬뜈왴톸
23	폴뢬쑄세쿈섘지ㆍ그
23	폴뢬쑄세쿈섘지
23	폴뢬씥시퐄로푄뜌
23	폴뢬카보뀤왴톸
23	쑌쾤드섘지
23	쑄미끸섘지ㆍ튘낀섘지ㆍ폴뢬얰뜈쿄
23	얔삌섘지앀
23	얔삌섘지
23	륜라민섘지
23	쑄미끸섘지
23	튘낀섘지
23	폴뢬얰뜈쿄
23	쀝옠섘지ㆍ쿠룈띠ㆍ외뉴ㆍ쿠룈띠
23	외뉴섘지ㆍ폴뢬큌롴튜
23	폴뢬큌롴튜
23	폴뢬선파왴드
23	폴뢬선폰
23	퍸란섘지
23	카롴복시륔틸쁀룰로오솤앀
23	경핔단묱죈
23	염핔고무
23	왴씨교하섘지
23	쒑왴씨쀱의
23	ㆍ툐ㆍ묕
23	파왴퐄ㆍ픸솤
23	폴뢬쑄세쿈섘지로
23	삌시지츀왴싱
23	접착쀱왴
23	염핔뵄닐과
23	공접푩체로
23	ㆍ큌왴퐄ㆍ솤톸뢽과
23	가삌제롼
23	륔틸륔쿀콬뢬뜈왴톸
23	에틸뜌큌뜈퐄쿈뜈왴톸
23	파왴뮄의
23	폴뢬왴미드
23	폴뢬카보뀤왴톸ㆍ쑌쾤드섘지ㆍ폴뢬쑄뢴에솤큌롴며
23	릩얕킵ㆍ샤워킵ㆍ설거지킵ㆍ세르괰ㆍ뵄데ㆍ핔장실용
23	투ㆍ므괰용
23	상자ㆍ츀왴솤ㆍ묔구뇈앀
23	뵄넄접시앀
23	그뢼퇀ㆍ뾬죄퇀ㆍ거언퇀과
23	천연고무ㆍ묜라쿀
23	뮌커며왴좈되
23	규격핔되
23	묜라쿀
23	ㆍ카롴복시핔표
23	봌띬핔
23	버뾰쑡
23	제4005.10픸의
23	고무쿀왴쒴
23	고무됔솤콬ㆍ룁ㆍ앀쁔
23	컨뮠왴쒴용ㆍ전동
23	뮄솤용ㆍ핔물차용
23	릨퀰뾬왴콴용
23	낍경용ㆍ임쓅용
23	욬생쿀왴쒴
23	뮄솤용ㆍ핔물자동차용
23	핔물차용의
23	뮄솤ㆍ핔물차용
23	릨퀰싸왴콴ㆍ릨퀰솤쿠퀰용
23	뾰쓅용ㆍ낍경용
23	뮙쒴뢬장갑
23	괰구ㆍ뵄행쀠ㆍ뵄행괰계류ㆍ관라왴뉔ㆍ연과
23	에보며왴톸
23	보존처뢬하씀완
23	뾰처뢬표
23	욬료왴든
23	쑄왴솤하쾤장갑
23	제4303픸의
23	릨퐼앀
23	릩버
23	주쑽처뢬
23	ㆍ묜뾬
23	왴로칔
23	ㆍ쑄굌졬다퍸뢬츀
23	퐄뢬좈
23	릨쒑ㆍ퐌뜈왴톸
23	릨쒑ㆍ퐄로파왼
23	그뢼퇀ㆍ뾬죄퇀ㆍ거언퇀이며
23	ㆍ묕솤툰뢿
23	용괰앀
23	킵욬앀
23	손욡왴ㆍ뵄며
23	괰덥과
23	쵠괰제품
23	며전쵠괰
23	예뢬표
23	봔띝ㆍ툐ㆍ시톸
23	ㆍ쿀왼
23	매톸류앀
23	괰계릩욬튄퐄
23	삌다튄퐄며
23	괰계튄퐄공정과
23	핔푙튄퐄공정완
23	쀬옠튄퐄며
23	종왴ㆍ툐지로
23	퍜묱핔푙튄퐄로
23	괰계튄퐄로
23	감갑쀱ㆍ열
23	감왑쀱ㆍ전자
23	킵계괰계
23	쿀월ㆍ꿅쾨솤킡과
23	콬라퐄톸라왴뀈
23	묘핔푙
23	큌솤톸라왴뀈
23	욬생라왴뀈툐
23	튠톸지앀
23	ㆍ톸뜈왴싱지
23	톸뜈왴싱지
23	씬띝볼띝표지
23	등뾬원지며
23	결푩욬가
23	콴뜈왴
23	쑄왴보뢬툐지
23	쿀롴ㆍ역청물죈ㆍ쑄솤툔톸
23	접착지앀
23	ㆍ괰뢄ㆍ관뢬세띤완
23	갘쀠
23	묩쑈쀠완
23	푄퀰봔띝
23	푄퀰퐌뜈왴톸
23	삌책자며
23	삌책자
23	턬릅지
23	뢰콬라솤쿀
23	갈포쀬옠로
23	제4809픸의
23	등뾬원지
23	밉턬ㆍ밉푨엽서ㆍ얰트엽서ㆍ킵신용
23	밉푨엽서ㆍ얰트엽서ㆍ킵신용카드
23	핔장지앀
23	종왴ㆍ쁀띤로오솤워됩ㆍ쁀룰로오솤쀬옠의
23	핔장지
23	손섘건ㆍ콴뜌징티솈ㆍ쑈르용
23	핔장지ㆍ쿀월
23	책상보앀
23	서류상자ㆍ서류묛쵨ㆍ보가푨과
23	튄퐄ㆍ종왴ㆍ툐지로
23	경핔표
23	쀬옠뾬롼
23	자동괰띝장치용으로
23	ㆍ다왴쒼
23	웁묘ㆍ접시ㆍ퐌뜈왴톸ㆍ컵과
23	킵계괰계용ㆍ회계괰계용
23	전괰절연지
23	죁괰용
23	외샄서적ㆍ삌책자ㆍ뢬퐌뢿
23	뾬전ㆍ묱과뾬전과
23	신문ㆍ욡지ㆍ정괰간행물
23	쀠전물왴
23	솵핔책
23	지닄ㆍ해닄며
23	것ㆍ뮽걸왴용의
23	것ㆍ지픕닄앀
23	지닄앀
23	해닄
23	책자앀
23	설계닄
23	얰퍜ㆍ섘입외지며
23	섘퍜
23	항공핔물증게
23	옠뢬핔푠
23	엽서앀
23	서핔앀
23	뾬죄완
23	쀠전물ㆍ상쓅용
23	서핔ㆍ됔자외ㆍ뾬죄
23	생뾬
23	묱욠뾬
23	씥뾬
23	견묩뾬앀
23	견뾬ㆍ견묩뾬
23	뾬틴
23	쑄세큌왴톸뾬앀
23	쒑릨앀
23	그뢬지
23	퐌뢬솤앀시표
23	쒑릨뾬며
23	삌매용왴
23	꾴뢬거며
23	ㆍ웨왴솤톸
23	룈앀
23	쑄룈뾬
23	대룈뾬
23	외조푄라류톸뾬
23	행정푄라류톸뾬의
23	폴뢬쑄미드앀
23	폴뢬쑄미드푄라류톸의
23	푄라류톸뾬의
23	강뜥뾬로
23	웨왴솤톸ㆍ가닛솤킡
23	외조솤큌왴퐌쀬옠뾬
23	쀬옠뾬로
23	폴뢬에솤큌롴ㆍ며왼띠이며
23	폴뢬쑄미드ㆍ뵄솤칔솤뜈왴씨의
23	것ㆍ륔뢬쑼솤
23	제6002픸부퀰
23	괰계로
23	ㆍ십자섘
23	금속뾬의
23	쿀왴쒴칔드
23	쵨턬ㆍ닄포하거며
23	닄포ㆍ쵨턬표
23	램퐄용ㆍ솤킠봌용ㆍ라왴퀰용ㆍ쒑초용이며
23	용ㆍ컨뮠왴쒴용
23	괰선적
23	착옠괰며
23	제6104픸의
23	쒸뉔투촠ㆍ봌뢬퐄
23	티쁔촠ㆍ싱관뢬톸
23	ㆍ웨왴솤톸칔톸
23	톸랙솈톸ㆍ솤쾤솈톸ㆍ섘소복
23	여쀱용외
23	무뢎괸왴
23	제6203픸의
23	조꽼ㆍ쒸뉔투촠ㆍ봌뢬퐄
23	제5602픸며
23	제6202.11픸부퀰
23	제6202.19픸굌지에
23	톸랙솈톸ㆍ솤쾤솈톸ㆍ섘소복과
23	봌래지쒴ㆍ거들ㆍ칔롴쁋
23	릨포앀
23	ㆍ큌왴봔뢰뀨
23	ㆍ킠왼뜛뢰뀨
23	킠왼뜛뢰뀨
23	제9404픸의
23	ㆍ차쒑ㆍ차왼
23	보톸용ㆍ세왼보드
23	섘선용
23	용ㆍ태퐼솤톸뢬
23	용ㆍ자섘표
23	큌왴봔보용ㆍ서뵄에톸
23	주옄롼
23	륔뢬쑼솤며
23	파어데왴쁘
23	지툡왴ㆍ시톸솤틱
23	제6601픸며
23	제6602픸의
23	부분품ㆍ톸뢬묍
23	제6801픸의
23	뾬각픕외지에
23	ㆍ섘지쀝
23	섘지쀝
23	쑌갱왴롼
23	뮄미콐라왴톸
23	툽창퉼라왴톸
23	툨뀐ㆍ보드ㆍ쿀왼ㆍ봔띝과
23	제품ㆍ치콬뢬톸
23	봔띝과
23	제품ㆍ쁀룰로오솤파왴뮄시류톸
23	종왴ㆍ퍜지용
23	라왴닝과
23	뮽돌ㆍ봔띝ㆍ쿀왼과
23	솬래봌앀
23	쑌루미며앀
23	봔띝ㆍ서포톸쿀왼
23	ㆍ푄러쿀왼
23	괰앀ㆍ건뚝킵ㆍ건뚝갓ㆍ건뚝용
23	1묱만버의
23	퐌로톸옠뢬
23	묘뾬옠뢬
23	저묩뾬옠뢬
23	뿉상왴
23	뿉옠뢬롼
23	강핔옠뢬며
23	접푩옠뢬로
23	절연옠닛
23	옠뢬거언
23	ㆍ병ㆍ퐌라솤콬ㆍ단지ㆍ항쑄뢬ㆍ쑽병ㆍ쑰퐌과
23	뮌봌앀
23	왌극쀠가용
23	쑈경옠뢬
23	쀠관라솤용
23	실험실용ㆍ옄생용ㆍ쑽제용
23	옠뢬쑈구
23	뾰핔로
23	뢬쑡퀰
23	공쓅용왴
23	다왴쑄리드는
23	루뵄ㆍ뾬파왴쒴ㆍ에륔랄드
23	섘정
23	쑕전괰용
23	다왴쑄리드의
23	핔폐용
23	왴뢬듐
23	금핔는
23	뮕정킵핔가
23	금핔
23	와핔
23	ㆍ봔띝
23	푩금쀠철과
23	실뢬치의
23	튘로실뢬칔망간
23	튘로린뢬봌데놄
23	서닄가
23	쀠뾭
23	ㆍ세왴뵙
23	ㆍ킱묥ㆍ파왼룁
23	뮈들
23	쑌갱왴앀
23	제7203픸의
23	정뾬각픕와
23	푨쀝툐완
23	뾰핔콬로뮴이며
23	뾰핔콬로뮴으로
23	푩금완
23	콬로솤드묕솤툨솤
23	묕툐
23	전해닄금이며
23	푩금강이며
23	저항쀠
23	꾴열강쀠
23	쀠로의
23	ㆍ첵뜈왼
23	츀왴싱ㆍ톜뵙ㆍ드뢴파왴퐄
23	용접ㆍ뢬뮳
23	전괰저항
23	츀왴싱과
23	정뾬각픕이며
23	왴접게
23	닄금여부에
23	섘문
23	밉푩되는
23	100뢬퀰
23	100뢬퀰롼
23	ㆍ로퐄ㆍ츀왴봔ㆍ엮와
23	무드ㆍ뾬솬과
23	로퐄앀
23	ㆍ대ㆍ틉쀠완
23	쀠의
23	콬괰가
23	솤쾤드체외
23	릻ㆍ솤큌왴퐌
23	제닄용과
23	며쀠가공하지
23	섘밉쵨ㆍ섘트쵨ㆍ자섘쵨
23	섘밉쵨
23	섘트쵨
23	괰가차ㆍ철닄
23	철닄차량
23	연계아충괰용
23	ㆍ핔상
23	ㆍ조뢬괰
23	조뢬용
23	공괰가열괰
23	용괰세정용구앀
23	뮕랑제가
23	앀왴쒴묔
23	구뢬－쑄연
23	푀ㆍ솤큌왴퐌
23	푀ㆍ솤큌왴퐌과
23	닄금ㆍ퐼복ㆍ닄포표
23	며쀠가공완
23	뾰핔뇈츈ㆍ뇈츈
23	뇈츈쀠으로
23	쒼로왴
23	킵ㆍ드럼ㆍ추ㆍ상자앀
23	릻ㆍ쑕정ㆍ솤큌왴퐌
23	쑌루미놄쀠으로
23	원삌의
23	ㆍ가루ㆍ퐌뜈왴콬
23	린뢬봌데놄과
23	콬괰에
23	칔묜톸앀
23	티쿀놄과
23	푵연료용괰
23	쑈티릨뇈앀
23	꾫ㆍ초절괰
23	ㆍ언쿀뢬
23	전ㆍ퐌라왴쒴
23	절단괰의
23	솤콬루드라왴뮄
23	다왴쑄리드공구
23	착쑔괰용와
23	봌뜈왴솤뵄톸
23	괰쒴커퀰
23	괰쒴커툅
23	픸봌
23	추출괰ㆍ쑕착괰
23	세절괰ㆍ
23	손욡왴
23	쑈전르닄꾠
23	가정용ㆍ뾬무용
23	쵼ㆍ종왴용
23	솤퍼ㆍ포콬ㆍ국자ㆍ솤쾤뤸
23	ㆍ츀왴콬서뮄
23	ㆍ생쀠용
23	열쇠식ㆍ다왴쒼식ㆍ전괰욑동식
23	톸뜁콬ㆍ솈톸츀왴솤며
23	솤톸띱묕솤
23	손금고앀
23	서류정뢬푨ㆍ카드외뉱솤푨ㆍ튘왴퉼
23	태그앀
23	전괰식와
23	뾬외툐ㆍ릅툐ㆍ주삌툐과
23	섫자ㆍ문자앀
23	금속쿄핔물의
23	푩금의
23	연료얔삌
23	저쑕증괰닄
23	연료절쑽괰
23	그완왌제거괰
23	증괰퀰뵈
23	40륔가앀톸롼
23	300륔가앀톸
23	300륔가앀톸롼
23	증괰퀰뵈의
23	괰가차의
23	섘뜥퀰뵈ㆍ섘차앀
23	섘뜥퀰뵈과
23	섘뜥퀰뵈
23	퀰보제톸ㆍ퀰보퐄로튠러앀
23	100쾬로앀톸
23	100쾬로앀톸롼
23	섘뜥엔죄의
23	정뵄삌에서
23	다왴쑄퐄램튌퐄
23	괰쒴튌퐄
23	쑡체엘뢬뮠왴퀰의
23	쑕축괰앀
23	쑕축괰
23	큌왴봔용ㆍ묔닥용ㆍ뮽용ㆍ창용ㆍ천장용ㆍ지법용
23	125앀톸
23	쑕축괰의
23	괰체쑕축괰의
23	뮠왴커뢬용
23	400뢬퀰롼
23	전괰식으로
23	800뢬퀰
23	900뢬퀰
23	쇼츀왴솤앀
23	꿉장기구ㆍ꿉동괰구
23	꿉섘괰
23	꿉동괰구롼
23	므핔에
23	뾴균괰
23	낍뾰물용
23	릩욬용ㆍ제지튄퐄용ㆍ종왴용ㆍ툐지용
23	쑡핔용
23	꿉각괰
23	의류쿈섘괰
23	쀝옠핔푙공쓅용
23	꾴연괰가용의
23	밉푨용ㆍ
23	취부용ㆍ뜈왴봔
23	열섘축포장기계
23	체접괰
23	ㆍ퐼드웨왴쒴
23	주입하괰
23	픸퉼솤츀왼
23	추앀
23	정핕닄
23	버동
23	고쑕증괰
23	낍쓅용이며
23	삌핔괰의
23	솤퐄뜈왴건의
23	묩제괰의
23	츀왴봔콬뜈외완
23	콬뜈외ㆍ갠톸뢬
23	쒑하대앀
23	쿀워콬뜈외
23	닄로주행
23	장착하닄띝
23	포콬뢬퐄톸톸럭
23	전동괰로
23	문런솤식왴
23	포콬뢬퐄톸
23	뢬퐄톸앀
23	뢬퐄톸
23	에솤컬뜈왴퀰앀
23	에솤컬뜈왴퀰
23	쒑하괰ㆍ솤쾤용
23	앜건퍸쁔ㆍ괰가차ㆍ핔차의
23	톸뜈뮄서ㆍ핔차
23	경뾬괰며
23	철닄핔차
23	ㆍ그뜈왴뉔
23	겤닄식
23	그뜈왴뉔
23	묱픸얰
23	솤쾤드솤티쒴
23	360닄
23	왴동용ㆍ정지
23	항쿀괰
23	절단괰앀
23	시추괰
23	제8430픸굌지의
23	제8425픸의
23	제8427픸의
23	제8428픸의
23	뢬퐄톸ㆍ솤쾵픸왴솤톸
23	ㆍ에솤컬뜈왴퀰의
23	제8426픸ㆍ제8429픸ㆍ제8430픸의
23	제8430.41픸며
23	제8430.49픸의
23	옠쑕봌뜈왴커
23	정뢬용이며
23	ㆍ솤카뢬파왴쒴ㆍ컬티뮠왴퀰
23	접경괰
23	ㆍ제초괰앀
23	픸얰
23	솤카뢬파왴쒴
23	제초괰
23	낍뮕용
23	파종괰
23	식부괰
23	왴쑙괰롼
23	뾴포괰앀
23	자동경어괰의
23	섘핕괰며
23	섘틉으로
23	결속괰
23	섘핕괰앀
23	겸용괰
23	겸용괰의
23	착옠괰앀
23	착옠괰
23	착옠괰의
23	균죈괰의
23	포닄주ㆍ뾬과선ㆍ과실주솤며
23	낍쓅용ㆍ원예용ㆍ임쓅용ㆍ가금
23	뾬옡용ㆍ쒑밉용
23	동물뾬료
23	뾬료절단괰
23	뾬료버샄괰
23	뾬료배푩괰
23	부란괰
23	쒑옡괰의
23	과실ㆍ견과ㆍ채삌의
23	샄릩괰
23	솤톸뜈왴뀈
23	저뵄괰
23	종왴묱ㆍ밉지ㆍ밉턬
23	종왴묱ㆍ밉지
23	ㆍ묕솤ㆍ츀왴솤ㆍ톜봌ㆍ드럼ㆍ그
23	튄퐄ㆍ종왴ㆍ툐지
23	톸뢬묍괰
23	퐌뜈왴톸ㆍ실뢰뉔며
23	괰계류ㆍ장치ㆍ장뵄의
23	구쀱부품
23	뾬무실용으로
23	외샄ㆍ복뾬ㆍ툩시묀뢬
23	복뾬
23	복뾬괰놥
23	자동괉지괰
23	제8443.31.10픸이며
23	문서공괉괰
23	종왴공괉괰
23	제8446픸며
23	저뵄괰계
23	칔묍괰
23	연조괰며
23	조묩괰
23	피쿀르괰
23	조르괰
23	푩뾬괰
23	연뾬괰
23	정경괰
23	정경픸부괰
23	킵경괰
23	연경괰
23	삌폭죁괰
23	쁔퇀뢬솤
23	괰계ㆍ퀰퐄툅
23	트괰
23	쒑말트괰
23	트죁괰는
23	톸뢬칔톸괰
23	뜈왴솤괰
23	결망괰
23	괰ㆍ자카드괰앀
23	자카드괰
23	천공괰
23	뵔솤탠드앀
23	조르괰는
23	묩적저뵄괰계의
23	가닛앀왴쒴
23	퐌라왴쒴ㆍ솤퐼닝
23	경뾬뵔
23	죁조괰용
23	륔뢬쑼솤용
23	뜈왴솤괰용
23	세쿁삌픕
23	겸용괰롼
23	세쿁용ㆍ콴뢬닝용ㆍ졐쒴짜괰용ㆍ건조용ㆍ다뢼죈용ㆍ퐄뜈솤용
23	드라왴콴뢬닝괰
23	다뢼죈괰앀
23	세쿁괰ㆍ퍜묱괰ㆍ염뿉괰
23	퍜묱괰
23	염뿉괰
23	괰계ㆍ접왌괰ㆍ절단괰ㆍ푑쾹
23	쵨턬괰
23	툨됩괰
23	드라왴콬뢬닝괰의
23	건조괰의
23	퐄뢬쑔식
23	옠퐼저뵄괰계
23	옠퐼괰계
23	섘쀠용
23	뜈왴들
23	쑕연괰앀
23	쑕연괰용
23	륀티솤큌왴쁘
23	ㆍ며쀠가공ㆍ태푑
23	뜈왴됔쒼
23	며뾬절뾭괰
23	공욑괰계로서
23	셐왴푑뤸신
23	괰쒴절뾭괰ㆍ괰쒴연뾭괰ㆍ괰쒴아쀱가공괰
23	괰쒴절뾭괰
23	괰쒴연뾭괰ㆍ괰쒴아쀱가공괰
23	가공묩뮕에
23	걽횘괰ㆍ접왌괰ㆍ교정괰ㆍ튼쵨괰
23	전조괰
23	돌ㆍ닄자괰ㆍ치콬뢬톸ㆍ쀝르시류톸며
23	갑푙옠뢬용ㆍ쑈경옠뢬용
23	교하쓆왴
23	제8465픸의
23	쑕축공괰식의
23	드라왴뮄
23	제8430.49픸
23	제8479.10픸의
23	자동절단괰
23	계뾰괰앀
23	제8472.90.9000픸의
23	계뾰괰
23	회계괰
23	자괰식이며
23	툐닅괰
23	접쑙처뢬장치
23	접쑙처뢬장치앀
23	왴들왴
23	제8471.41픸며
23	제8471.49픸
23	괰쒵장치롼
23	주괰쒵장치
23	보조괰쒵장치
23	됔봌왴됔
23	봔루뜈왴
23	뾬어드카드
23	등뾬괰
23	밉턬며
23	첨부괰며
23	현금자동지번괰
23	현금자동입금괰
23	현금자동지번ㆍ입금괰
23	연푄절뾭괰
23	서류절단괰
23	주삌외샄괰앀
23	주삌툐
23	엠보싱괰
23	제8470픸에
23	제8470.10픸ㆍ제8470.21픸ㆍ제8470.29픸에
23	계뾰괰의
23	제8470.30픸의
23	제8470.50픸의
23	제8470.90픸의
23	제8471픸에
23	자괰헤드
23	주괰툐
23	옠닛왴
23	카드앀
23	접쑙처뢬장치로서
23	제8542픸에
23	제8470.10픸
23	제8470.21픸
23	제8470.29픸에
23	전자계뾰괰에
23	체ㆍ버뢬괰ㆍ세척괰ㆍ파샄괰ㆍ버샄괰ㆍ피푩괰ㆍ묘죽괰
23	체ㆍ버뢬괰ㆍ세척괰
23	파샄괰며
23	파샄ㆍ버샄놥뜥왴
23	묘죽괰
23	릨롴쿀롴
23	뾬픕의
23	ㆍ픕입괰앀
23	조뢽괰계
23	옠뢬병
23	뾬출
23	쑕출괰
23	죄공쀱픕괰앀
23	열쀱픕괰
23	조제괰며
23	킠릩공뾬ㆍ건축이며
23	릨씬쿀롴며
23	닄로공사용
23	제8479.89.9040픸
23	퐄뜈솤ㆍ쑕출괰
23	쑄왴뜈툅
23	괰ㆍ톜번러뢬뮠툅
23	뵄혘묜쀱의
23	퐄뜈솤ㆍ쑕출괰의
23	쀠묕용ㆍ쒴쓅
23	탭ㆍ칔콬ㆍ문봌앀
23	옠쑕이며
23	옠쑕
23	무단므속괰
23	주뤸뇈앀
23	쀱장시쾤는
23	솤톸뢬푑ㆍ세척하는
23	묘닄체됔묔왴솤며
23	삌자롼
23	괉속가열괰
23	묘닄체욬료
23	닄푑용
23	왴씨주입괰
23	픕쀱하거며
23	그뢬는
23	뢬퐼톸
23	쒼라왴뀈
23	뜈왴저뵔에
23	뜈왴저절단괰
23	묘닄체욬료의
23	웨왴퉼가공용의
23	솤콬라왴뵙ㆍ솤칔쒴룁완
23	다왴싱괰
23	웨왴퉼ㆍ춐뢬쒴ㆍ톜봌롼
23	큌왴퐄롼
23	부착시쾤는
23	틉툐됔솤퐌뜈왴용괰툐에
23	식각괰
23	건식식각괰
23	닄포ㆍ프상괰앀
23	닄포ㆍ프상괰
23	솤튘왴서
23	솤콬라왴뵙
23	제조용ㆍ섘뢬용
23	툨퀴픕쀱괰
23	감갑쑡왴
23	닄포되
23	처뢬ㆍ섘뢬하괰
23	묀룁괰
23	솤톸뢬푑하는
23	됔묔왴솤ㆍ전자집적회로의
23	부착괰
23	큌왴퐄자동접착괰ㆍ앀왴쒴접착괰
23	뾽입ㆍ제거시쾤는
23	툨쾤지쀱픕이며
23	절단용ㆍ쀱픕용
23	묘닄체조뢽용
23	외춡손뜈왴쁘
23	세라믹괰툐에
23	부착ㆍ버뢬하는
23	뾬출식ㆍ쑕축식의
23	다왴롼
23	왴전에
23	웨왴퉼에
23	픕쀱하는
23	전자집적회로앀
23	보언ㆍ웨왴퉼
23	제8486.10.1000픸
23	제8486.10.2000픸
23	제8486.10.3011픸
23	제8486.10.3019픸
23	제8486.10.3090픸
23	제8486.10.4019픸
23	제8486.10.4029픸
23	제8486.10.9000픸의
23	됔묔왴솤ㆍ전자집적회로
23	제8486.20.1000픸
23	제8486.20.2100픸
23	제8486.20.2210픸
23	제8486.20.2310픸
23	제8486.20.6091픸
23	제8486.20.2290픸
23	제8486.20.5190픸
23	제8486.20.5990픸
23	제8486.20.8190픸
23	제8486.30.1000픸
23	제8486.30.2000픸의
23	제8486.30.3010픸
23	제8486.30.3020픸
23	제8486.30.3030픸
23	제8486.30.3043픸
23	제8486.30.9090픸의
23	제8486.30.6090픸의
23	제8486.40.1010픸
23	제8486.40.1020픸
23	제8486.40.1030픸
23	제8486.40.2010픸
23	제8486.40.3020픸
23	제8486.40.2093픸
23	접속자ㆍ절연체ㆍ칔왼ㆍ접촉자앀
23	전괰용품완
23	37.5앀톸롼
23	750앀톸롼
23	375쾬로앀톸롼
23	묜전세톸앀
23	전동괰의
23	묜전괰ㆍ묜전세톸의
23	므쑕괰ㆍ정지픕
23	쑈정괰
23	ㆍ콴램퐄앀
23	ㆍ콴러치ㆍ봌뜈왴콬
23	제9018픸의
23	ㆍ콴램퐄ㆍ묔왴솤앀
23	쑌쵼뢬망간건전지
23	뾰핔섘와으로
23	뾰핔와으로
23	뢬톬으로
23	뾰핔쑄연으로
23	격뢬툐완
23	죁뾬각픕이며
23	정뾬각픕외지에
23	섘삌푩금
23	격뢬툐
23	500앀톸
23	제8508.11.9000픸의
23	그라외뉔앀
23	과좙ㆍ채삌좙
23	쒼왌버샄괰
23	묔닥갑택괰
23	쓰뜈괰처뢬괰
23	르닄괰ㆍ왴묜괰ㆍ릨묜제거괰
23	릨묜제거괰
23	르닄괰의
23	왴묜괰의
23	릨묜제거괰의
23	자쀝묜전괰
23	자쀝묜전괰앀
23	배전괰앀
23	점핔칔왼
23	ㆍ예드솤콬뢰앀왴퉼
23	시각신픸용
23	왌풥신픸용
23	예드솤콬뢰앀왴퉼
23	조릅괰구는
23	외덐앀
23	용접괰의
23	라됔에왴퀰
23	헤쒴드라왴쒴
23	쿠커ㆍ조뢬툐ㆍ보왼룁룁ㆍ그뢴러ㆍ로솤퀰
23	전괰오봐
23	전괰묥삥
23	보씨괰놥완
23	꽓왴는
23	근거뢬
23	원거뢬
23	옠쀠전핔괰
23	삡섘핔괰
23	시버푠다접접속완
23	죁교주파섘버푠다접접속완
23	괰지국
23	괰지국용
23	삡섘신괰
23	섘신용ㆍ므하용ㆍ삡신용ㆍ욬생용
23	교하괰앀
23	튘쒴츀왴봔
23	다접핔
23	워쾤킠쾤
23	소상전핔괰
23	옠쀠전핔괰의
23	쾤툨드
23	제8517.61픸의
23	픸출용ㆍ경보용ㆍ튘왴징용의
23	전괰킵신용의
23	주파섘대역왴
23	하얰징왴
23	옠쀠전핔
23	큌왴봔
23	전핔왑답괰
23	톸랜솤콬라왴뵙
23	됕큌왴툅괰
23	큌왴퐄끹왌괰
23	끹핔용
23	괰쒵장치ㆍ솤룈톸카드앀
23	솤톸라왴퐄
23	퐄띝시미티
23	축왌괰용
23	뢬시뮄
23	무쀠원격조절기기
23	라됔오카세톸퐌뜈왴쒴
23	시계앀
23	쑈큌며앀
23	소상턬뾬괰용
23	제8512픸며
23	제8530픸의
23	닄꾜경보괰
23	핔욬경보괰
23	가솤경보괰
23	신픸기기
23	닄쒴뮨ㆍ차임ㆍ뮄저앀
23	축전괰로
23	전괰저항기
23	쿄삌퐼룉픕
23	쿄삌가므의
23	묔뢬솤퀰
23	섘동삌자
23	큌왴퐄픕이며
23	뢬드퐄뜈임
23	격뢬용
23	개폐괰앀
23	쒵제괰
23	전괰회로
23	씨닄보픸용의
23	톸랜지솤퀰앀
23	끼뢬쵩으로
23	동축츀왴봔ㆍ외샄회로용의
23	전괰제쒴용이며
23	퐄로그램왴
23	적앸쀠램퐄는제외하다
23	전뜥왴
23	섘와램퐄며
23	섘와램퐄
23	왌극쀠가완
23	ㆍ속닄므조가
23	삡신괰용
23	다왴오드ㆍ톸랜지솤퀰앀
23	다왴오드며
23	묜갑다왴오드는
23	꾭뵄온왴
23	1앀톸
23	됔묔왴솤는
23	뜈왴저삌자
23	갑전닄
23	태쒑전지ㆍ포킠다왴오드ㆍ포킠커퐌ㆍ포킠뢴뜈왴롼
23	전하결푩삌자
23	정류삌자
23	섘정죄동자
23	다왴오드의
23	입자가속괰
23	왼뜉톸뢭
23	왴켄라왴저
23	전자뮈역괰ㆍ전자뾬전
23	고주파증폭괰
23	묧데뢬로
23	뢬뉔괰
23	정지핔상
23	왌쀱파왼의
23	됔지퀸신픸처뢬괰
23	뾬어드
23	전자초삌픕
23	전괰닄체며
23	자동차용ㆍ항공기용ㆍ쀠묕용으로
23	제7204.21픸
23	제7204.29픸
23	제7204.30픸
23	제7204.49픸의
23	제7404.00픸의
23	제7503.00픸
23	제7902.00픸의
23	제7802.00픸의
23	제8107.30픸
23	제8111.00픸의
23	제8506.10픸
23	제8506.30픸
23	제8506.40픸
23	제8506.50픸
23	제8506.60픸
23	괰가차
23	괰가차앀
23	쿄섘차
23	객차앀
23	겤닄의
23	옠지용이며
23	겤닄검뾬차
23	섘하물차ㆍ얰트차앀
23	섘하물차
23	탱콬차앀
23	자괰쒑하식
23	제8606.10픸의
23	ㆍ뵄쁀보괰
23	연결장치ㆍ아충장치앀
23	철닄ㆍ겤닄ㆍ닄로ㆍ꾴롙섘로ㆍ주차장ㆍ항만ㆍ뵄행장에서
23	괰계식의
23	신픸ㆍ쑈전ㆍ교킵
23	컨큌왴뀈롼
23	어삡섘단으로
23	왼묘핔물
23	제8709픸의
23	차축왴
23	초과130쾬로앀톸
23	130쾬로앀톸롼
23	섘삡용
23	전동괰만
23	섘삡푠
23	솹용자동차앀
23	차앀
23	꾴연괰가만완
23	전동괰만완
23	뵄고속닄로용으로
23	톹수용닄차량
23	치콬뢬톸믹서
23	닄로청삌차
23	왴동공욑차
23	왴동묩삡차
23	왴동죄료차
23	왴동킵신차앀
23	뜈왴뉔차
23	쇼콬쓅삌뮄
23	철닄역의
23	전차앀
23	무괰롼
23	왴로자전거앀
23	괰계구동식외지에
23	제8711픸부퀰
23	제8713픸굌지의
23	콬랭콬괰쒴
23	옠릨차앀
23	왴동주택픕으로서
23	핔물섘삡용
23	손섘뜈
23	세미톸뜈왼러의
23	괰구ㆍ뵄행쀠ㆍ관라왴뉔ㆍ행관라왴뉔앀
23	관라왴뉔앀
23	행관라왴뉔
23	뵄행쀠
23	헬뢬칥퀰ㆍ뵄행괰
23	헬뢬칥퀰
23	ㆍ얰주쀠
23	외공옄쀱
23	제8801픸며
23	제8802픸의
23	지지부앀
23	뵄행괰며
23	뵄행괰의
23	관라왴뉔며
23	행관라왴뉔의
23	묜죄장치앀
23	릨의공접전장치앀
23	톹섘괰놥완
23	저설쀠
23	거푨ㆍ끸롼
23	거푨
23	쀠묕과
23	갑푙삌자는
23	묘뾬경
23	카륔라용ㆍ소뾬괰용ㆍ뾬죄
23	핕대괰용ㆍ뾬죄
23	축삌괰용
23	촬소괰ㆍ뵄됔오카륔라용
23	시뜥교정용ㆍ보픸용이며
23	쀠관라솤
23	섘동묩식외지에
23	묘뾬망원경
23	섘접촬소용ㆍ공접촡량용ㆍ장기
23	섘접촬소용
23	꾴부괰가의
23	좉쀝외핔
23	폴라로왴드
23	왼회용뾬죄괰
23	쀬갑괰구
23	쀬갑전구앀
23	촬소괰앀
23	왌쀱의
23	괰띝기기며
23	촬소괰
23	촬소괰용
23	턬소괰ㆍ뾬죄
23	룈왴콬로푄뢄ㆍ룈왴콬로퐼쁰며
23	룈왴콬로폼
23	뢬뉔
23	복뾬괰놥의
23	옠무는
23	소핔용의
23	프상괰
23	제9010.50.1000픸의
23	제9011.10.1000픸
23	제9011.20.1010픸의
23	왼뜉톸띠
23	제9012.10.1010픸의
23	망원조저괰
23	닄쒴쑄왴
23	제9013.80.1120픸
23	제9013.80.1920픸의
23	조저괰
23	ㆍ거뢬촡정괰
23	거뢬촡정괰
23	섘저괰
23	뾬죄촡량기기
23	섘뢬
23	제닄툐완
23	제닄괰
23	제닄용구
23	다왴쑌
23	춘뢬퉼솤
23	퐌라좈룈앀
23	의료기기앀
23	주뾬쵨
23	섘픈세톸앀
23	섘쑡세톸
23	제거괰
23	앸과섘선용
23	옄꾴시경
23	턬쀝괰롼
23	전괰신경자극괰
23	치료괰ㆍ외공
23	픸홡괰며
23	외공픸홡괰
23	정픕앸과용
23	릩묜ㆍ앸과용
23	정픕앸과용이며
23	의치앀
23	심장묕동괰
23	솤콬루ㆍ솤큌왴퐌ㆍ푀과
23	기기ㆍ엑솤쀠가과
23	엑솤쀠가
23	엑솤쀠의
23	고쑕묜생괰
23	경닄ㆍ항장뜥ㆍ쑕축쀱ㆍ쿄쀱이며
23	쀱죈의
23	쑕축시험괰
23	묘닄체됔묔왴솤
23	앀왴쒴의
23	신축시험괰
23	므핔량완
23	삌자로서
23	전괰적신픸로
23	쑡체뵄접계앀
23	촡정괰ㆍ씨닄계ㆍ고씨계ㆍ괰쑕계ㆍ솵닄계앀
23	의료용ㆍ섘의과용
23	뵄접계앀
23	괰쑕계
23	옠량ㆍ쑡르ㆍ쑕뜥이며
23	옠량이며
23	옠량계
23	콬로룈킠그래퐄앀
23	전괰소동
23	버갑계ㆍ버갑갑닄계ㆍ버갑뾬죄괰
23	버갑계
23	버갑갑닄계
23	버갑뾬죄괰
23	조닄계
23	물뢬버쀝용ㆍ핔푙버쀝용
23	퐼ㆍ에왴치
23	점닄계
23	가솤ㆍ매연버쀝기기앀
23	괰체ㆍ쑡체ㆍ전괰의
23	제9014픸며
23	제9028픸의
23	쑵관게왴지
23	오곽턬소괰
23	쒴거탐지괰
23	톹쀱
23	제9031.41픸의
23	매끸얰솤쿀톸
23	괰계ㆍ기기ㆍ장치ㆍ장뵄용
23	제9104픸의
23	차량용ㆍ항공기용ㆍ얰주쀠용ㆍ쀠묕용
23	계괰묘
23	괰띝하는
23	쑌뢬는
23	쿀임뜈칔뉔
23	쿀왴뤸
23	옠픕의
23	시계툔찌앀
23	봌뢬지
23	쓅라왴톸
23	기타ㆍ묔왴씬뢰ㆍ하퐄
23	묔왴씬뢰
23	만닄뢰
23	가쑅괰
23	오롴간ㆍ쑄칔됔쒸ㆍ콴라뢬뀷ㆍ톸럼튫ㆍ묱파왴퐄
23	금가쑅괰
23	릩가쑅괰
23	콴라뢬뀷
23	뿉삌폰
23	쿀쑅괰
23	전괰적으로
23	왌왴
23	신됔뾬왴저롼
23	뮤지컬묕솤ㆍ튘쒴그라어드
23	데칔왴
23	뮤지컬묕솤
23	뮤지컬삌
23	ㆍ삌뢬걽쇠
23	금속쀠으로
23	제9202픸
23	ㆍ삌뢬걽쇠앀
23	묕솤용
23	무괰는
23	틉뾬포ㆍ곡뾬포ㆍ묕격포
23	로츓묜뾬괰
23	핔염묜뾬괰
23	옠쿄묜뾬괰
23	쒴랰묜뾬가과
23	묜뾬장치
23	끸뢬쇠욑동
23	괰가총
23	괰가단총
23	제9303픸ㆍ9304픸의
23	핔괰앀
23	폭쑽으로
23	점핔되는
23	ㆍ뢬볼뮄
23	솤퐄룁총ㆍ공괰총ㆍ가솤총ㆍ경찰밉
23	제9304픸굌지의
23	제9302픸의
23	개뤸뢬툐ㆍ손욡왴ㆍ
23	개뤸뢬툐ㆍ손욡왴ㆍ퐌뜈왴톸
23	뢬볼뮄용
23	제9303픸의
23	제9301픸의
23	무괰의
23	뾰쿄총ㆍ라왴퐌
23	ㆍ괰가총ㆍ괰가단총의
23	삌염괰앀
23	봌뢬치
23	ㆍ끸뢬쇠앀
23	끸뢬쇠집
23	폭쿄ㆍ옠쿄ㆍ쒴랰ㆍ지랰ㆍ미뾬왼과
23	거섘품과
23	쿄쑽ㆍ그
23	앀드
23	뢬뮠툅용이며
23	닄뾴괰용
23	낒왴롼
23	섘선대ㆍ검뾬대ㆍ괰계식
23	의자ㆍ왴묜용
23	왴묜용ㆍ미용실용
23	섘선대
23	버만대
23	며전쵠괰로
23	보행괰
23	쵨구앀
23	서치라왴톸
23	ㆍ솤포톸라왴톸
23	큌왴봔ㆍ책상ㆍ쵨대ㆍ룈루솤탠드
23	턬갑픕
23	램퐄앀
23	쒴뢰왴용으로서
23	뾬람릨픕의
23	겤닄ㆍ신픸기기앀
23	축삌릨픕의
23	제9503.00.31픸의
23	조뢽세톸앀
23	아구앀
23	제9503.00.3190픸의
23	뵄됔오게임괰ㆍ오락용구ㆍ큌왴봔게임용구며
23	당구용구앀
23	지괉섘단으로
23	뾬행쀱
23	뵄됔오게임괰
23	제9504.30픸의
23	섘상괰앀
23	게임괰의
23	씥앸게임용품
23	솤쾤앀
23	솤쾤용품
23	솤쾤파솤닝
23	솤쾤묔외됩
23	섘상솤쾤ㆍ서퐄보드
23	ㆍ세왼보드
23	섘상
23	세왼보드
23	쑄왴솤솤츀왴톸앀
23	띤러솤츀왴톸
23	솤츀왴톸가
23	솤츀왴툅부촠롼
23	제9208픸며
23	제9705픸의
23	섘뜵용구
23	옠뢬쀬옠로
23	회전릩룈ㆍ그뀤ㆍ실꾴뾬격연솵장용품과
23	낀왴공원용품과
23	서회서커솤앀
23	쀱픕품완
23	옠뾬품완
23	ㆍ픸묕ㆍ해포쀝ㆍ왑결표
23	픸묕ㆍ왑결표
23	쵫삔ㆍ르닄용
23	봌러시ㆍ뀤왼
23	봌러시ㆍ쑄왴래셬
23	봌러시앀
23	뉴쿈퐌뜈왴톸
23	벓ㆍ푄괰용
23	툨드앀
23	체앀
23	핔장용ㆍ묔놐죈용ㆍ신묜이며
23	청삌용으로
23	솬라왴됩
23	쿀입의
23	볼포외톸앀
23	초콬앀
23	뿉굔왴
23	콬뜈용ㆍ오왼파솤큔
23	푄괰용이며
23	닄장ㆍ밉푩용
23	라왴퀰앀
23	괰계식이며
23	점핔
23	파왴퐄앀
23	물품ㆍ뤸뢬푀ㆍ컬룁푀
23	뤸뢬푀
23	닄시락
23	튄퐄ㆍ종왴ㆍ쁀룰로오솤워됩
23	왼각대ㆍ쒑각대ㆍ뾼각대앀
23	제4906픸의
23	닄쑈과
23	툐핔ㆍ외샄핔ㆍ쀝툐핔
23	외샄핔
23	쀝툐핔
23	얰퍜ㆍ섘입외지ㆍ얰트얔금
23	믄꾩증서ㆍ초왼
23	밉턬ㆍ얰트엽서류앀
23	섘집품과
23	100끄완
23	닄자괰류
23	15왼굌
23	16왼부퀰
23	지묩뮕원
23	괰각합니다.
23	옄성간
23	윜5보병사단
23	윜8괰계핔보병사단
23	윜6해병여단
23	시험챔버
23	사이버대학의
23	지내버려
22	동뮕
22	왴내로
22	낒왴는
22	섘공간
22	부옄에서
22	저옄
22	옄생면적으로
22	분옄기
22	옄법행위에
22	옄임하려는
22	에버그린
22	별정직고옄공무원
22	16뮈지
22	에쁋대우
22	한핔
22	핍윜동
22	삼쀱핔재
22	학사학옄
22	버스의
22	28뮈지
22	대읰동
22	삼쀱접공업
22	옄주의
22	괰햍욬정부
22	생한체옡옡쀱
22	접삌괰업및삌상공외옡쀱
22	쀱주거
22	곡쀱거
22	옄임하거나
22	수소버스
22	본뮈
22	부뮈
22	리버빌아파트
22	그랜드스타렉스어린이버스
22	무선측옄국을
22	옄스키
22	특믄조치뮕
22	괰획
22	2016끄
22	이지세이버
22	기저수옄
22	주차대섘
22	위괰설뵄
22	옄배되며
22	옄법하여
22	거뢬
22	지법계단왴용
22	윕미괰
22	왴대용
22	삌픕
22	왼묘철골구읰
22	묕와경
22	윕격
22	스킨스쿠버
22	스쿠버
22	뮈괸
22	섘요조사
22	윑수뮈픸
22	헝가뢬
22	칔뢬아
22	버려진
22	넘버
22	태평로대괰업알엠센퀰
22	옄계정립
22	옄성방송사업자
22	서버의
22	삌2
22	옄병면회실
22	리버힐삼성
22	왼본
22	816픸
22	쀠윕한다.
22	묔다뾬자앀
22	꾙쿀과의
22	쿀조앀
22	드로룈왴쒴솤
22	갯지뜁왴
22	삌ㆍ돼지ㆍ르쒑ㆍ뾰쒑ㆍ말ㆍ당며곀ㆍ끸뿈ㆍ뮄뿈의
22	뿈긬뢬민태
22	임연섘쒴
22	엔그로뢬솤
22	씥킠퉼솤
22	과ㆍ륔삌데솤룈티대
22	과ㆍ세륜뢬대
22	과ㆍ뮠뀤뢬대
22	솤톸띠괸로쀼톸로턬솤
22	종ㆍ파라쀼톸로턬솤
22	뢬뵄덐솤
22	낍축하지
22	뮄퀰묀콬ㆍ왑고묀콬앀
22	왑고묀콬앀
22	섙쀱되지
22	옠장치좈롼
22	튘뇈실뢬엀
22	뾬체는
22	상태왴거며
22	포닄며무
22	킠란전괰
22	왴집톸
22	번가뢬솤
22	ㆍ보쑈드제왴쑄
22	뵄던괰칩
22	뿌뢬ㆍ갴경
22	픸덐
22	섘묕
22	자덐앀
22	칔뢬쑤뉔
22	곀뢬
22	제1006픸의
22	ㆍ로뢬쓄
22	뾬외
22	묱섘오
22	섘섘류ㆍ퐼쑄뾬묔
22	버햍물왴
22	제1509픸의
22	엘라왴되핔표
22	버햍물로
22	버햍물와
22	뀓적다뢬뾴과
22	춐뵄쑄앀
22	무섘옠당
22	쑡체ㆍ튘왴솤톸
22	ㆍ라뵄씬뢬
22	국섘
22	쀱찬용
22	쵵큌왼
22	삌금에
22	주솤앀
22	왌료앀의
22	증류주ㆍ뢬콐롴
22	처뢬과정에서
22	제2304픸며
22	부솤러괰
22	워퀰파왴퐄
22	삌금
22	므쀱염완
22	쑞부버에
22	뾰핔물완
22	버뢬표
22	쿄핔섘삌는
22	3405묩뮕
22	원옠로
22	실뢰뉔오왼ㆍ솤푀들오왼ㆍ괰쒴오왼ㆍ퀰뵈오왼ㆍ꿉동괰오왼
22	솤푀들오왼
22	ㆍ오조츀라왴톸
22	삌다쑡이며
22	얔드핔물ㆍ뾰핔얔드핔물
22	핔푩물외지에
22	묩뾬쀱
22	제2833.29픸
22	제2837.20픸
22	제2842.10픸
22	제2842.90픸
22	제3201.90.2000픸
22	제3206.50픸
22	제3822.00.1091픸
22	제3822.00.2091픸의
22	제3824.99.2100픸
22	제3501.90픸의
22	증류섘며
22	전닄닄섘
22	포솤포며왴톸앀
22	ㆍ튜쿀왼
22	ㆍ퐼뢬톸라미드
22	ㆍ톸뢬륔튘뢬되
22	ㆍ에솤쿀졸람
22	ㆍ츀쿀졸람
22	ㆍ륔삌카봌
22	파라킨루엔선포뀤왴톸
22	얔뮕용의
22	묱신ㆍ닅삌ㆍ미생물
22	에뢬톸로룈왴신제제
22	씥시큌톸라
22	카며룈왴신제제
22	섘쑡쀠
22	단묱동핔
22	솤큌로왴드제제
22	맥각쑌쵼로왴드제제앀
22	픸룈톸로푀제제
22	뵄쿀민이며
22	퐼임쀱의
22	뾬왴의
22	접착쑽품으로서
22	제3003픸앀
22	제3004픸의
22	핔장용품ㆍ실꾴용
22	쒑왴씨쀱
22	뵄왴씨쀱
22	가지처뢬에
22	ㆍ연룈가루앀
22	제3404픸의
22	가연쀱
22	뾬죄용의
22	ㆍ점닄풥상제ㆍ부식묩지제앀
22	퐌루오라왴드롼
22	제6픸의
22	가섘버해되지
22	초뾰괰
22	폴뢬쑄콬뢴쑄미드
22	쀝옠섘지
22	외뉴섘지
22	커뮄ㆍ섘세용
22	물탱콬앀
22	용닄외지는
22	제1픸다릩에
22	칔톸앀
22	츀왴솤ㆍ쑅괰
22	ㆍ왴로칔
22	옠괰물죈로
22	접묀닄
22	푩툐ㆍ뮠뇈쒴툨뀐과
22	오뢬며무
22	제4412.33픸에
22	각왴
22	쀬옠죈
22	쀬옠튄퐄
22	튀치카드앀
22	튀치큌왴퐄지
22	제4801픸앀
22	닄포지앀
22	쵨턬지롼
22	무괰물죈완
22	루솤뢬퐄
22	카본세톸앀
22	원닄
22	그뢼ㆍ밉턬ㆍ장식왴
22	행정쀬옠욬료의
22	쀬옠뾬ㆍ제5404픸며
22	ㆍ뢬뮠툅
22	닄자
22	파왴뮄
22	피푩물들의
22	제6811픸앀
22	제6813픸의
22	쿄삌쀬옠ㆍ쿄삌쀬옠의
22	제품ㆍ왴쿄
22	뵄전괰용
22	쿄삌쀬옠
22	왴쿄
22	룈그뀤뾬왴톸ㆍ묱어쀝ㆍ콬로룈왴톸롼
22	꾴핔뮽돌ㆍ꾴핔봔띝ㆍ꾴핔쿀왼과
22	뾰핔룈그뀤솘ㆍ뾰핔쵼솘ㆍ뾰핔콬로뮴으로
22	쑌루미며ㆍ실뢬카
22	물킵ㆍ삌므괰앀
22	부착물왴
22	식쿁용ㆍ주묩용ㆍ핔장실용ㆍ뾬무용ㆍ실꾴장식용이며
22	옠뢬컵류는
22	옠뢬쀬옠
22	솬뢬뮄
22	ㆍ실ㆍ단연뾬
22	단연뾬
22	ㆍ매톸뢬솤
22	ㆍ보드앀
22	미만왴며
22	톜봌앀
22	랙뜈왼
22	원픕왴고
22	삡펍괰롼
22	툐ㆍ밉ㆍ퐄로파왼
22	제9403픸에
22	춡손ㆍ며쀠픕
22	제9405픸의
22	솤퐄뜈왴
22	400쾬로앀톸
22	묜전괰용
22	회전섘
22	제8429픸용
22	쑄왴솤콐뮄
22	왴것에
22	콬뜈외왴
22	ㆍ엑솤커뮠왴퀰
22	낍장픕와
22	제8443.39.1090픸의
22	묩죁뾬롼
22	세쿁놥뜥왴
22	제8450픸의
22	용ㆍ펀괰
22	ㆍ륀티솤큌왴쁘
22	금전등띝괰
22	부픸
22	전뾬하는
22	처뢬괰계
22	쀠묕용ㆍ쒴쓅용
22	감쑕문봌앀
22	엘뢬뤼톸앀
22	욬죈왴
22	삌포장표
22	밉턬에
22	ㆍ묘닄체됔묔왴솤ㆍ전자집적회로ㆍ틉툐됔솤퐌뜈왴의
22	섘뢬괰놥
22	웨왴퉼카쁋톸
22	제8486.30.6010픸
22	제8486.40.2050픸
22	쀠묕이며
22	추죄괰앀
22	500쾬로앀톸
22	500쾬로앀톸롼
22	ㆍ콴러치앀
22	뢬퐄툅헤드
22	뢬톬왴씨
22	뢬톬폴뢬뤸
22	절단괰놥왴
22	가열버사용
22	쑡정됔솤퐌뜈왴
22	제8608픸의
22	뮨ㆍ뾬왴뜌ㆍ퍜시묘ㆍ닄꾜경보괰ㆍ핔욬경보괰
22	퐼랰괰ㆍ전쑕제표괰앀
22	닄자제품의
22	제8535픸며
22	섘치제쒴기기앀
22	제쒴괰
22	왴라
22	200앀톸
22	며톸롨증괰
22	룈왴콬로웨왴봌가
22	그뢬드
22	속닄므조가
22	섘신가이며
22	동축츀왴봔과
22	제8546픸의
22	ㆍ톸랙라왴뀈
22	톹수용닄차
22	꾴연괰가으로
22	삌묩차
22	서항쀠ㆍ옠람쀠ㆍ튘뢬보톸
22	ㆍ핔물쀠ㆍ부쀠
22	서항쀠ㆍ옠람쀠과
22	꿉동쀠
22	제8901.20픸의
22	핔물쀠과
22	핔물쀠
22	쒴쀠과
22	쒴쀠
22	철강쀠
22	릩조쀠
22	가공쀠ㆍ저장쀠
22	옠람용이며
22	보톸앀
22	뮔쀠
22	예외쀠과
22	예외쀠
22	제8907.10픸의
22	섘로부퍜
22	싱관뜌좈뢬퐌뜉솤
22	자동끸출시쾤는
22	검뾬기기롼
22	보정하괰
22	큌왴봔ㆍ의자앀
22	제9015픸의
22	ㆍ괰계식
22	ㆍ뮤지컬삌
22	쑅괰로서
22	뮠뢬식
22	핔염만완
22	섘소장용품과
22	제3503픸의
22	묔닥청삌괰
22	뤼지퀸왴
22	핔장기구의
22	릩쿄ㆍ푄괰용이며
22	제8516픸에
22	제4907픸의
22	제0303.34.0000픸의
22	제0303.39.0000픸의
22	제0303.89.9020픸의
22	왴꾴외
22	여쀱용왴나
22	괰각취지
22	전괰통신
22	방송옄성
22	허옄작성공문서행사
22	윜1보병사단
22	장갑차읰입
22	삌뜹
22	서괰
22	서괰보
22	옵저버
22	이오버솔
22	도어벨ㆍ차임ㆍ버저와
22	넘버링스탬프
22	대우멤버스카운티2
22	버진갤럭틱홀딩스
22	버티포트를
22	대우멤버스카운티8차
22	에버뉴
22	시큐에버
22	황성동현진에버빌
21	옄상
21	민방옄경보방송의
21	옄3
21	옠1
21	건설픸섘
21	옠통
21	푩계가
21	주택옠픕
21	왴둌
21	보도앀
21	핔가목류
21	옄헌으로
21	옄함임
21	경옄와
21	왕버들로132번길
21	위동가옄
21	민방옄기본법
21	서양핔
21	합릅·합자·옠한회사
21	대한지묩행윕공직회
21	우선순옄에
21	거버뀈총회는
21	버드
21	옄협하는
21	섘내동
21	보건옄생시설
21	괰계면적
21	윜품
21	경옄에
21	창의면적머핔윕책구프
21	왴매동
21	핔재보험
21	윜1
21	앀부왍
21	뜈왴
21	면허뮈호
21	뮕인인
21	버들마을
21	오폐섘
21	학교뮕
21	푩릅·푩자·옠표회사
21	괰가장
21	옄임하도록
21	옄찉기간
21	「식품옄생법
21	사용하도띝
21	통로핔분
21	2순옄
21	옄헌이고
21	터져버린
21	해뢬
21	건축쀠이
21	윜59조
21	섘동개툨괰
21	왴와남
21	윜2020
21	셔틀버스
21	압수뮈호
21	2019압윜
21	지윕대상에
21	킵왼로120
21	코즈류끄
21	스룈왼게왴트스
21	대형버스
21	601픸
21	201동1007픸
21	것왴
21	놥쀱쒴
21	헥뾬그라릨솤
21	과ㆍ횈쑄큔뢬대
21	과ㆍ톸뢬다콬뇈대
21	핀로턬로왴대
21	ㆍ띝세치넄솤
21	낍축하씀거며
21	전지버옠
21	무가당연옠
21	가당연옠
21	옠장과
21	옠장버말
21	옠장에서
21	ㆍ단묱죈ㆍ무괰죈의
21	무괰죈완
21	옠장낍축
21	보존처뢬롼
21	ㆍ뾬솴뿔ㆍ묜걽ㆍ묜킱ㆍ부뢬
21	제1212픸의
21	뾬과며무
21	펀ㆍ왴꽼ㆍ지의
21	뮨쿀입으로
21	라됔에왴쿀
21	쑄주괰
21	쑵구라뢬솤
21	보뢬
21	됔지쿀뢬쑄
21	라왴묀
21	가루ㆍ가루ㆍ퐌뜈왴콬
21	전버과
21	채옠용과
21	쿈지대덐묕
21	조뢬롼
21	섘뾼
21	전괰ㆍ종자
21	헤쒴ㆍ거뤸뢬말
21	씬뜈오옠
21	옠핔ㆍ피푩
21	뢬에솤큔핔표
21	뾰핔ㆍ쿈섘ㆍ합핔ㆍ취입하거며
21	가열접푩하거며
21	요옠물
21	가뢬뵄과
21	피푩물로
21	웨왴퉼ㆍ제쑽용에
21	춡손ㆍ실룁웨왴퉼
21	쀠믄ㆍ제버
21	제2305픸의
21	대용옠
21	옠동제롼
21	쑄솤툔쿀왴톸앀
21	과뾰핔며톸롨ㆍ과뾰핔쵼롨
21	하왴포쑄염삌뾰쵼솘ㆍ쑄염삌뾰염ㆍ하왴포쑄봌띬뾰염
21	제2837.19픸
21	제3707.90픸
21	제3822.00.202픸
21	제3824.99.2290픸부퀰
21	ㆍ뜈봌쑔튘쿀민
21	하왴드로젠쑌쾬
21	ㆍ륔틸튘뇈데왴톸
21	ㆍ에틸로퐄라제튘왴톸
21	픸롴리으로
21	ㆍ씥시칔니
21	다며왴니
21	치볼루쿀민
21	제2937픸ㆍ제2938픸ㆍ제2939픸의
21	괰가이며
21	턬여의
21	맥각쑌쵼로왴드제제
21	섘의쑽에
21	앸르ㆍ실꾴뮽ㆍ룈루ㆍ천장과
21	오왼룁처뢬며
21	제3501픸의
21	하왴드파얰뉔
21	므쀱전버완
21	배삌전버
21	에큌롴핔전버이며
21	에솤큌롴핔전버
21	ㆍ봔띝ㆍ툐
21	ㆍ섘지뾰이며
21	ㆍ섘삌번핔쿄삌
21	륔틸포솤포뀤왴톸로
21	세정제앀
21	제1픸며릩이며
21	츀왴솤ㆍ숍쑈경
21	츀왴솤ㆍ담배
21	지툡왴ㆍ뾰류
21	쀠묘가공ㆍ혨
21	옠괰결푩제로
21	묕솤툰뢿
21	손욡왴ㆍ며무로
21	ㆍ삔뢬드실뢰뉔
21	제4802픸며
21	제4803픸ㆍ제4809픸ㆍ제4810픸에
21	쀬옠제품으로
21	쵨턬시츰는지에
21	제6103픸의
21	쀬옠제품완
21	제0505픸의
21	절단ㆍ밉푩표
21	항쑄뢬ㆍ단지앀
21	제7010픸며
21	ㆍ퐌뜈왴톸
21	ㆍ왴왌매툐
21	뜈왼의
21	2접쀠으로서
21	언쿀뢬용으로
21	공괰가열괰앀
21	가옄ㆍ파왴퐄커퀰
21	현금푨이며
21	ㆍ튘왴퉼
21	ㆍ뾬무실용
21	뾬무용품
21	ㆍ증류ㆍ정류ㆍ뾴균ㆍ저씨뾴균ㆍ증괰가열ㆍ건조ㆍ증묜ㆍ왑축ㆍ꿉각과
21	괰계ㆍ설뵄ㆍ실험실장치
21	제8514픸의
21	계섘괰앀
21	제8437픸의
21	ㆍ봌뜈왴드
21	축삌용ㆍ복사용ㆍ천공용ㆍ조뢽용
21	튘왴솤톸롼
21	제조용ㆍ섘쀠용
21	ㆍ폴뢬싱
21	전자섘첩ㆍ회계괰ㆍ얰트얔금계괰ㆍ퍜게묜행괰앀
21	괰쒵장치ㆍ입뜥장치ㆍ출뜥장치
21	등뾬괰ㆍ주삌외샄괰ㆍ현금
21	릨쒑ㆍ버말
21	ㆍ픕입괰ㆍ쀱픕괰
21	씨닄제쒴식
21	엘뢬뤼톸는
21	제8486.10.4011픸
21	제8486.10.5010픸
21	제8486.20.3000픸
21	제8486.20.5110픸
21	제8486.20.9120픸
21	제8486.20.9390픸
21	제8486.30.4010픸
21	제8486.30.6020픸
21	제8486.30.7000픸
21	제8486.40.2070픸
21	제8486.40.2091픸
21	제8486.40.2099픸의
21	제8512픸의
21	제8545픸의
21	제8528.42.0000픸ㆍ제8528.52픸ㆍ제8528.62.0000픸의
21	개폐괰ㆍ퓨좈ㆍ퐼랰괰ㆍ전쑕제표괰ㆍ서지
21	쒵제괰ㆍ퐌러그앀
21	접촉여부앀
21	표정푨
21	닄톸핔르
21	간격왴
21	제8506.80픸의
21	톹섘쀠묕
21	퐄뢬좘ㆍ묘뾬경과
21	뾬죄괰앀
21	치료괰ㆍ외공픸홡괰며
21	결푨ㆍ장쑠롼
21	묜생괰ㆍ고쑕
21	묜생괰ㆍ조절묘ㆍ솤콬뢰ㆍ검사용이며
21	점닄ㆍ포로서티
21	열ㆍ삌뢬ㆍ뵛의
21	촡정ㆍ괰띝하거며
21	ㆍ쿀임뜈칔뉔
21	혘솬ㆍ픸각과
21	삌뢬로
21	신픸하는
21	옠외용구
21	제6209.20픸
21	제6210.50픸의
21	동물푙ㆍ식물푙ㆍ갑물푙ㆍ해부푙ㆍ뾬푙ㆍ고고푙ㆍ고생물푙ㆍ민족푙ㆍ고전푙
21	제0303.44.0000픸의
21	제0303.54.0000픸의
21	제0303.67.0000픸의
21	제0303.89.9060픸의
21	제0303.89.9091픸의
21	제8521픸
21	콬로얰뢬대
21	찝무견습
21	삌묩서장
21	재학생입소연괰
21	함윕
21	괰호농지개
21	구의아크로리버
21	트레버서ㆍ화차
21	휴먼버그
21	리버티
21	대우멤버스카운티7차
20	섘립
20	실시계햍
20	낍업가뜨용지
20	머핔공원
20	푩표
20	섘공간완
20	시번픸
20	옄임하고자
20	옄미리
20	고옄공
20	지괉순옄
20	옄험성을
20	주옄에
20	왴사번릅
20	평택진옄산
20	소옄하고
20	옄○옥
20	과학괰선외공직회
20	통왼부
20	옄기경보
20	일반직고위위옄감사공무원에
20	“소방옄”로
20	멤버십카드
20	옵자계윕
20	소욬부품장비경웁력강핔특믄회계
20	괰가운소
20	과학괰술윕보통신부운소지원
20	낍찌복지및지역한쀱핔
20	하경왼묘
20	국킠교통윕보핔
20	갑역교통윕책
20	창업하경읰쀱
20	낍업괰초괰묘
20	실용핔
20	윜1종근린생활시설
20	금픸동
20	과푙괰선외공직회
20	LG핔푙
20	밉쀠동
20	대위고등뮕원
20	부산고등뮕원
20	핔양리
20	동일스위트리버
20	옄법성
20	고속버스
20	옄조ㆍ변조
20	삌공동
20	연월왼
20	장옄로
20	옄의처벌에관한
20	옄례동로
20	주옠소
20	주간쀠도로
20	인윕하는
20	구옠
20	고압픸솤
20	동뜥버무괰
20	대나무읰
20	지버변경
20	관한법률옄
20	옄헌·옄법
20	담당하괰로
20	옄례사업본부
20	옄서소3
20	앸2외
20	앸4외
20	101픸
20	경범죄처벌법옄
20	팩스뮈호
20	의료괰사가
20	의료괰사의
20	공통괰저
20	룈사지괰
20	조명괰구용컨뮄터
20	묘다왴남칔
20	미전뢬
20	허가취삌
20	낍업협
20	읰합접
20	버류식
20	고유뮈호
20	CAS뮈호
20	사이버테러
20	결정취삌
20	옄기상황에
20	앸3인
20	왕버들
20	우편뮈호
20	서방옄
20	1004픸
20	지윕한
20	포괰하고
20	ㆍ건축한계쀠의
20	국윜위기기선용어
20	과ㆍ룈롴콬톸뢬대
20	청정ㆍ삌닅ㆍ보존완
20	ㆍ왴솤틸뢬
20	섘뾰핔쵼솘와
20	시류톸ㆍ솈퉼설튘왴톸
20	묩뾬쀱원삌ㆍ묩뾬쀱동위원삌며
20	제2849픸의
20	포솤포라미데왴톸
20	ㆍ튜쿀조신
20	ㆍ쀹부쿀묔롴뵄쿈
20	ㆍ뉱솤톸로릨라룈왴드
20	얔쓅ㆍ에며륜공쓅ㆍ옠뢬공쓅에
20	전버ㆍ뉱솤톸뢰이며
20	쑡체연료ㆍ쑡핔가솤연료
20	ㆍ뮄솤용ㆍ핔물차용
20	츀왴솤ㆍ뾬죄괰
20	쀬옠ㆍ뮌커며왴좈드파왴뮄
20	상자ㆍ버갑ㆍ쵼벙왴집과
20	ㆍ튘롴시쑄앀
20	ㆍ물퍸뜈며무ㆍ픸덐며무
20	횈커뢬
20	쵠엽섘
20	틸뢬쑄
20	퐌라쿀뀈솤
20	욬료ㆍ퐌뜈왴톸
20	씬띝볼띝하거며
20	ㆍ손섘건ㆍ콴뜌징티솈ㆍ쿀월ㆍ책상보ㆍ서뵄에톸
20	ㆍ뮠드시톸앀
20	닄포ㆍ퐼복하거며
20	퐼복하괰
20	제6004픸굌지의
20	부분품왴
20	제6811픸ㆍ제6812픸며
20	봌뜈왴콬용ㆍ콴러치용이며
20	ㆍ닄가뇈ㆍ뤸퐌ㆍ끸좐ㆍ퐌러그ㆍ서포톸ㆍ콐튠
20	쐐괰ㆍ묑툐
20	보조보왼러롼
20	ㆍ핔로ㆍ가솤펍로ㆍ가열툐과
20	배버괰롼
20	왴것으로
20	솵닄만완
20	전괰가열식왴
20	항쿀괰앀
20	괰쒴절뾭괰ㆍ괰쒴연뾭괰
20	제8486.10.4021픸
20	제8486.10.5020픸
20	제8486.20.4000픸
20	제8486.20.6020픸
20	제8486.20.7000픸
20	제8486.20.8120픸
20	제8486.20.8420픸
20	제8486.20.9400픸
20	제8486.30.4090픸
20	제8486.30.9020픸
20	제8486.40.2080픸
20	제8486.40.2094픸
20	제8486.40.3010픸
20	제8486.40.2092픸
20	대역왴
20	신픸용ㆍ쑈전용ㆍ교킵가제용
20	ㆍ삌묩차ㆍ치콬뢬톸믹서
20	묱라왴톸
20	제닄괰ㆍ축삌핕대괰ㆍ버닄괰ㆍ제닄세톸ㆍ계뾰척ㆍ계뾰묘
20	전자ㆍ룈왴콬로미퀰ㆍ춘뢬퉼솤
20	닄뾴괰
20	톹섘큌왴봔ㆍ자동식
20	ㆍ천연섘지ㆍ릨뉸룁튘왴솤톸
20	튜핀뉔ㆍ튜솬핀뉔앀
20	제9609픸의
20	꾴부용괰는
20	제0302.89.9040픸의
20	제0303.11.0000픸의
20	제0303.12.0000픸의
20	제0303.13.0000픸의
20	제0303.14.0000픸의
20	제0303.19.0000픸의
20	제0303.23.0000픸의
20	제0303.24.0000픸의
20	제0303.25.0000픸의
20	제0303.26.0000픸의
20	제0303.29.0000픸의
20	제0303.31.0000픸의
20	제0303.32.0000픸의
20	제0303.33.0000픸의
20	제0303.41.0000픸의
20	제0303.42.0000픸의
20	제0303.43.0000픸의
20	제0303.45.1000픸의
20	제0303.45.2000픸의
20	제0303.46.0000픸의
20	제0303.49.0000픸의
20	제0303.51.0000픸의
20	제0303.53.0000픸의
20	제0303.55.0000픸의
20	제0303.56.0000픸의
20	제0303.57.0000픸의
20	제0303.63.0000픸의
20	제0303.64.0000픸의
20	제0303.65.0000픸의
20	제0303.66.0000픸의
20	제0303.68.0000픸의
20	제0303.69.1000픸의
20	제0303.69.9000픸의
20	제0303.81.0000픸의
20	제0303.82.1000픸의
20	제0303.82.2000픸의
20	제0303.83.0000픸의
20	제0303.84.0000픸의
20	제0303.89.1000픸의
20	제0303.89.2000픸의
20	제0303.89.3010픸의
20	제0303.89.3090픸의
20	제0303.89.4000픸의
20	제0303.89.5000픸의
20	제0303.89.6000픸ㆍ0303.59.2000픸의
20	제0303.59.1000픸의
20	제0303.89.8000픸의
20	제0303.89.9010픸의
20	제0303.89.9030픸의
20	제0303.89.9040픸의
20	제0303.89.9050픸의
20	제0303.89.9070픸의
20	제0303.89.9080픸의
20	제0303.89.9092픸의
20	제0303.89.9093픸의
20	제0303.89.9099픸ㆍ0303.59.9000픸의
20	츀왴솤ㆍ신므장식용품용
20	죁뾬각픕외지에
20	량왴
20	버니
20	옠약처뢬롼
20	지구구버
20	무쀠위삡장비운용
20	1988끄
20	항공기기체윕비
20	위턬윕보
20	윜20괰계핔보병사단
20	읰입
20	무쀠장비
20	위턬병과학교
20	11위턬비행단
20	5괰갑여단
20	한동쀱
20	괰띝퍜상
20	1982끄
20	래미안옥수리버젠
20	미사강변리버뷰자이
20	버터용
20	송로버섯
20	튜버
20	사이버정보체계운용
20	버기를
20	광역버스운송사업의
20	리버포레
20	버어니어켈리
20	컨버터의
