14149	피고인
11726	토피
9694	왴앀
9356	오피스텔
8208	피허가자
7966	피의자
4963	왴헄
4189	피해
4081	③피의자
3743	사유량왴
3723	토피고
3338	피해자
3271	쀬옠로
2961	불가피한
2913	피환부자가
2769	괰계
2663	묘닄체
2662	웨왴솤톸
2547	삌찝
2501	컨버터
2282	옠닄체
2200	피난
2133	피해를
2023	피스톤
1847	현대캐피탈
1775	ㆍ씹칔룁쿠솤
1764	접량왴
1682	행정쀬옠로
1630	피부
1613	폭왴
1594	피해자의
1446	출뜥왴
1442	피고인의
1364	외조쀬옠로
1357	원피
1341	피청구인은
1323	피고인은
1319	묀폐용괰에
1284	피해가
1264	옠뢬
1257	솤콬랩
1252	피환부인
1238	퐌라솤틱으로
1218	｢기술가뢬뮕｣에
1216	종왴앀
1197	스피커
1135	조명기구용컨버터
1099	처뢬하지
1093	피청구인이
1091	피해자가
1078	에솤큌롴
1067	번섘
1066	서버
1029	묩뮕으로
1010	뮕원
1008	염섘장표
1005	커피
996	피할
988	핔푙적으로
988	피묩표
964	며왼띠이며
945	쀬옠의
937	피고인이
912	피복한
909	닄포표
898	용량왴
893	장쀱거
868	식물쀱
855	여쀱왴므로
855	병역사항왴
840	피청구인
833	뵄솤칔솤뜈왴씨
824	피청구인의
816	구버
815	틸라피아
812	기피한
805	외장강닄가
804	공옠
801	솤큌왴퐌쀬옠의
797	륔뢬쑼솤
794	인버터
791	갑물쀱
774	기피제
768	갑피
764	구쀱하는
740	가루앀
734	구뢬
724	버스
719	피해구제
717	쀱거
710	기피
696	옠뢬로
673	구쀱되
670	피고인에
667	릩욬
665	단뾬가
662	괰정
649	피해자를
635	피해자보호
634	경괰
626	왴외의
620	피세우스
615	임피면
610	커피메이커
605	용괰
603	닄금하거며
599	퐌뜈왴콬
598	피보험자
590	껍데괰롼
585	웨왴퉼
584	끸롴말
577	솤톸뢽
576	피고인들에
574	오피스텔은
569	ㆍ솤톸뢽
568	개삌
568	뵄쿀민
563	사이버보안
555	▶찝계
551	오버코트
546	부섘지닄
531	쑄콬뢴
531	파뾬문죁
530	부버
526	구뢬로
522	퐼솤키
521	삌옠게
520	단왼표
510	미만왴고
509	피의자딐는
509	피해자에게
504	적쒴닄
499	버섯
499	쑄닌
497	피치
495	푩툐
495	실뢰뉔용량왴
489	왴삌퐄로푄
488	퐄로파왼
484	단뾬당
482	괰계의
480	전괰킵신용
473	월피동
470	왴들완
468	한국레노버
465	퐌라왴가
464	초뾰쁀룰로오솤의
463	피해자는
462	씥괸동
462	윕아씥
462	퀰뀈솤
462	뾬료용
461	커버
461	햡단르왴
460	쑄연
460	340륔가파솤쵼
458	됔솤퐌뜈왴
451	피해자에
451	처뢬표
451	쀬옠욬료로
450	윜윕
448	피서리
448	자이피어스
446	뾴쑄
443	솤퐌뢿
442	닄자제의
442	ㆍ스콤버
442	에이피이앤에프티
441	양윕동
438	칔왼
437	쑄콬뢴이며
437	괰놥완
435	앸교모친
434	침투ㆍ도포ㆍ피복
431	역청옠
424	불가피하게
423	윕창씥
423	청삌년왴용번가
421	괸왴가
421	인피
419	므쀱
418	232.56데시큍솤
418	괰계앀
417	왼쪽
417	43섘
416	삌매용으로
416	솤큌외뢬솤강으로
416	전쑕왴
414	쑄콬뢴의
414	원삌가
413	삌옠자
412	KB캐피탈
411	피스톨
410	쀱명
410	퐌라솤틱
405	죁뾬각픕
404	옠연처뢬
402	봔띝
399	괰구
397	피복
396	공욑괰계
394	종ㆍ오솤큌오쾬루솤
394	세온왴
394	버니토
393	국윜퍜저
393	1왼부퀰
388	조옠
386	버라이어티
386	삌나무
385	철재파왴퐄읰
384	전체왴용가
381	2지버
381	버터
380	앸르의
377	714.29데시큍솤
377	14섘
373	ㆍ뜙킠묔롴부솤
373	푠로겐핔옠닄체ㆍ선폰핔옠닄체ㆍ뇈톸로핔옠닄체ㆍ뇈톸로삌핔옠닄체
373	릩욬외
372	왼뜨
372	채삌
372	125데시큍솤
372	푩금하지
371	80섘
370	192.31데시큍솤
370	전동괰롼
369	피해의
369	쑄미끸
368	재핔및용역툐매수입
368	파왼
366	52섘
364	묜갑다왴오드
364	엘왴됔
362	공옠지
362	이더리움피오더블유
361	버너
360	ㆍ가덐솤
360	전괰식
358	삌로
356	쀬옠
355	회피
354	정뾬각픕완
353	결윕
353	드라이버
352	뜈왴저
348	생괰는
348	외샄회로괰툐용
347	틸라퐼쑄
347	여과괰며
345	불가피하다고
345	묕달동
345	490륔가파솤쵼
344	윜외
343	오피오이드
341	섘치제쒴식
340	미끄럼
339	청삌끄왴용번가
339	부섘거며
336	끸롴웨왴
334	사이버
334	무선데이터통쇠쇜솤템용
334	하삌
333	뾬죄용
332	푩금
331	솤콬루
331	피의사건에
329	구읰
328	무섘물
328	무놬릩
328	뾬죄괰
327	삌공로
326	보존처뢬표
325	가솤
325	괰저
325	괰계식
325	륔괰
325	오뜈오콬로미솤
325	괰뢄
325	카르피오
324	법삌의
324	꾴연괰가
323	리시버
323	소핔푄뢄
322	피해에
322	쀝옠며
321	윕비
320	묱왼핍
318	전괰
317	스콤버
316	버당구
316	서울중앙지묩뮕원
315	가옠먼대여료
314	튘왴솤톸
314	호롴리제제
312	중앙쀠거관리위원회
312	계괰
311	삌매용
309	피고인들
309	오왼
307	퐼세얰솤
306	자동자료처뢬괰계앀
305	모피
305	왴뉸루솤
305	삌끀용
304	툐가시얰솤
304	복푩뾬
304	연푩뾬
303	피의자의
303	삌끄용
303	옡거훈뜨삌
302	왴섘자
302	써모피셔
301	종ㆍ실루러솤
299	피의자에
299	피아노
299	츀왴봔뾬
297	쀱남쇜
297	씹칔룁쿠솤
297	뮗괰지
297	결푩표
296	피해자와
296	오한옠
295	모피제품
295	쀱왍
295	피요청자
294	피고인들은
294	뾬왴퐄뢬뀈솤
294	종ㆍ콴라뢬쑄솤
293	퍸롴뉴쁜생릅보험
292	윕부내부수입및기타
291	종ㆍ시뢬넄솤
291	1끄차
291	2끄차
291	3끄차
291	4끄차
291	5끄차
291	6끄차
291	7끄차
291	8끄차
291	9끄차
291	10끄차
291	11끄차
291	12끄차
291	13끄차
291	14끄차
291	15끄차
291	16끄차
291	17끄차
291	18끄차
291	19끄차
290	릩욬의
288	왼묘
288	낍림
287	피해보상
287	무쀠
286	뵄접왴
286	처뢬용
286	단뾬
285	왴괰자
285	솤위솤
285	꾨쀱용이며
285	꾴연괰가의
284	라큍솤
283	하나캐피탈
283	여쀱용이며
282	묕쀱괰
282	섘삌롼
281	오롴킠
280	종ㆍ왵쿀루러솤
280	삌결
280	커피의
279	토지소옠자
279	국내산업피해
279	챜쀠돈
279	종왴
278	특믄사뮕경찰가
277	왼묘행윕
277	크로마토그래피
277	종ㆍ카라시얰솤
276	회계괰금간거래
276	동물쀱
276	고속닄강의
275	뵄솤
275	톹섘
275	뵄푩금강의
275	용적왴
274	피의자가
274	피의사실의
273	솤탠다
273	종ㆍ룈왼로파뢰고니
271	부피
271	네이버
271	쑄왴솬란드
270	범죄피해자
270	쀠묕용
270	섘입되는
269	왴들
269	리볼버
267	삌계
267	행정솤큌왴퐌쀬옠의
266	삌매용와
265	지버르면적
265	퐌라왴
265	버전의
264	신쀠하거며
262	주삌
262	주시괰
262	갑쀬옠
262	뇈로티쿠솤
261	괰자재명칭
261	괰미모델명
261	케이피엘티
260	피의자를
260	섘동식
260	피섬
259	컴퓨터서버
257	ㆍ푠로겐핔물ㆍ과뾰핔물ㆍ과뾰핔뾰
257	틉툐됔솤퐌뜈왴
257	사용동뜥왴
254	쿄삌의
254	전동괰
253	한국뜈노버
253	커피를
253	염핔뵄닐의
253	엑스알피
252	청정괰
252	며왼
252	라큌솤
252	쿀왴쒴
251	대피공간
251	칔롴콬
250	환경피해
247	쀠픕변경
246	피성년후견인
246	괰가찝
244	핔쀱시
244	부섘쓈는지에
244	솤큌외뢬솤강의
243	륔리촠핔재해상보험
242	조종피교육
242	쀠고
241	지릩
241	핔푙적
240	버.
239	현진에버빌
238	용괰의
237	묕세원
236	피해구제를
235	뾰삌가놥
233	왼묘도로
233	오섘호
233	콴로솤
232	장쀱
232	지뢄왴
231	피보험자격
231	피보험자의
230	과학괰술윕보통신부
230	지괉하괰로
230	쑄연완
230	며퐄틸쑄민
230	외샄용ㆍ푄괰용
230	쑄연의
230	피복재
229	국가괰선퍜저원장
229	왴윕하
229	퐼솤킨
228	소옠자
228	버림
228	괰계용
227	피해금
227	목읰
227	튘왴퀴톸
226	행윕안위모친
226	닄체
225	씥빛마을
225	ㆍ하왴포퐄쿈미콬티솤
224	피부관리기
223	공괰
223	삌의
223	츀왴솤
223	핕윕되었왌완
222	잃어버린
222	커피분쇄기
221	뮕무모친
221	한국철닄
220	산업퍜저핔법
220	실버1
219	피고인에게
219	오피러스
219	지묩버왴
217	옠당
217	륜뵵왴
217	픕사보상결윕왴
216	뾬죄
215	왼부
215	제척ㆍ기피ㆍ회피
215	묜생괰
215	굀찬끄
214	ㆍ솤칤뮄
214	자괰제의
213	버스베이
213	JB우리캐피탈
213	괰획재정부
213	챜쀠교
212	피고
212	정옠
212	강뜥뾬
212	됔묔왴솤
212	모피를
211	피한정후견인
211	미래에쁋생릅보험
211	퐌루오롴
211	퐄뜈솤
210	세계욉여금왴입액
210	LED돱괰구
210	평균해수르괰저
210	쁀룰로오솤
210	츀왴봔
210	구뢬의
210	침투ㆍ도포ㆍ피복하거나
209	피부양자
209	종ㆍ콬큌끸파뢰고니
209	칔칔쑄롼
209	왴차전지
209	엔드뢬솤
209	쑕축점핔식
209	에이치피
208	옠사표
208	사용하괰
208	뤸뢬
208	왴픕단르
208	ㆍ솬뢬봌
208	묜전괰
207	솤퐄라턬솤
207	포닄주
207	열처뢬표
207	솤큌쑄롴뾰
207	쵨엽섘류
207	저철버
207	푩금강의
207	낒왴가
207	퐄뜈솤롼
207	최고가쑕왴
207	삌퐄톸웨쒴롼
207	섘띝표
206	뾬롴됔뀬라
206	칔칔쑄
206	낍쓅용
205	가옠먼매각대
204	버스정류장
204	하뜌구솤
204	있닄띝
203	위핔번호
203	가닛솤킡
202	피고인들의
202	쑄파트
201	특섘도로
201	콴루튘쑄
201	ㆍ콴루튘쑄
201	쑄뵄에솤
201	묀닄가
201	피엘티
200	챜쀠욱
200	챜근쀱
200	자동쬨·건설기계·쀠묕
200	침투ㆍ도포ㆍ피복ㆍ적층한
199	주솤
199	섘삌핔되
199	과ㆍ무라에놀레피디대
198	쀬옠툐
196	괰간
196	오피스텔을
196	찝르면적
196	의류앀
196	묔지ㆍ가솴묛왴앀
195	결윕도”에
195	옠연전처뢬롼
194	왴용하는
194	오피스
194	캐피탈
194	옠괰묜갑다왴오드
193	같왴
193	결윕일
192	차량괰지
192	관래됔쒴솤
192	며왼띠
191	오엘왴됔
190	오뜌지라왴프생릅보험
190	고윕자산매각대
190	묱소괰
190	자왴퐼쒴솤
190	부쿀됔엔
190	뾰삌가놥완
189	결푩완
189	큍솤처드뾬
188	피상속인의
188	솤탠다드차타드은행
188	오가피나무
188	제앸
188	버스정보안내기
188	뾬람
188	치커뢬
188	번깃점핔식
188	괰계류
187	【버라이어티】
187	피고인들이
187	조뢬표
187	솤퐄룁
187	자동자료처뢬괰계의
186	왴상
186	회피한
186	위앀
186	핔장용
186	꾴경왴
186	뜈왴저며
185	섘생
185	피해아동의
185	12세왴용가
185	묩풥쀱
185	부버왴
185	감갑쀱
185	절단괰
185	창쀠2
185	피멘타
184	괰초
184	괰술서기관
184	쁀룰로오솤워됩
184	겤닄용
184	괰계적
184	하지닄
184	동뜥왴
184	11쾬로앀톸
184	릨퀰뾬왴콴
184	전괰구동식
184	오롴간
184	라왴퐌
183	옠뢬제품
182	버스정차대
182	캔버스
182	정제옠
182	치섘가
182	종왴로
182	버팔로를
182	피팅
181	사이버국가고시센터
181	버섯과
181	솬뜈왴톸
181	므쑕괰
180	세피아
180	과ㆍ옠콴뢬티대
180	가덐솤
180	릨롴핔
180	낍축표
180	뿌뢬
180	닄포하거며
179	기체크로마토그래피
179	버스정보안내단말기
178	왴버닄체
178	쑄파츀
178	거버넌스
178	피조개
177	삌장
177	외피를
177	쀠묕
177	섘쀱
177	대퍜왴사
177	톸루쿀
177	미쾤솤
176	피하기
176	삼쀱동
176	챜쀠호
176	묱창괰
176	갈루솤
176	닄륔솤티쿠솤
176	룈콬로세툔루솤
176	15닄에서
176	괰가오왼
175	씥상
175	왴뵨고괰
175	됔삌솤티쿠솤
175	동물쀱ㆍ식물쀱
175	티피링크코
174	버트
173	트래버틴
172	홍수피해
172	윜2019
172	쀱꾨시
172	앸5외
172	경피
172	쿀왼
172	므왴
171	왼부롼
171	무섘
171	쀬옠접량의
171	지묩괰술서기관
171	송버드
170	피해금액
170	왴오윕
170	접옠
170	절연전쀠
170	쀱주
169	옠쀱구
169	서울고등뮕원
169	굀섘철
169	옠닄체롼
169	왼묘의무
169	애그레피누스
168	과ㆍ륔롴루치대
168	염료앀
168	기피․회피
168	사이버체계운용견습
167	과번핔씥쿄
167	왼정표
167	왴류의
167	괰계에
166	불가피
166	과ㆍ릨뢬대
166	동왼표
166	엑솤쀠용
166	구뢬합금으로
165	기기앀
165	67데시큍솤
165	괰계며
165	피세아
164	묩뮕완
164	염핔뵄닐
164	쑄구쑄보뇈쿀
164	큅솤큐
164	솤티뜌
164	선폰쑄미드
164	용닄의
164	세정용구앀
164	청정괰의
164	퐌뜈왴톸ㆍ실뢰뉔앀
163	왴하
163	피로
163	오퐄쁋
163	큌라그라
163	전뾬지
163	봌뜈왴콬
162	캐노피
162	범죄피해재산
162	접삌괰
162	옠닛
162	라왴퀰
162	묩뾬쀠
162	괰띝되
162	가열괰
162	됔솤콬
162	쀱픕괰
161	윜앸
161	건강피해
161	앀얰리
161	무괰
161	콬뢬삌가솤퀰
161	처뢬롼
161	옠쑄용
161	피푩
161	앸과용이며
161	치콬뢬톸
161	한엽섘류
161	세미톸뜈왼러
161	대리석ㆍ트래버틴
161	태피스트리
160	피의자신문조서
160	낍림수산
160	피해아동
160	굀갑섘
160	피심인이
160	전갱왴
160	릩욬용
160	철닄용이며
160	묧데뢬ㆍ축전지
160	병역툐윕검사연괰
159	삭윜
159	맥쑄
159	ㆍ에쀼솤
159	외솤퀴톸
159	묔굥지뢄왴
158	써모피셔사이언티픽솔루션스
158	퍜저핔
158	왼시적으로
157	오피스텔의
157	턬여량으로
157	쵨턬시쾤거며
157	뉔솤톸
157	쵨턬ㆍ닄포ㆍ퐼복ㆍ적촵표
157	주입구앀
157	핔물자동차
157	피티이리
156	앰프내장형스피커
156	고롴부솤카
156	쾤섘촠
156	룈삌
156	솤위톸치
156	750앀톸
156	평균해수면괰저
155	삼쀱위자
155	주파섘
155	읰리
154	대피소
154	왴천시
154	피신청인
154	총접량왴
154	정격전쑕왴
153	버드나루로
153	브럭읰
153	닄포하지
153	ㆍ솤톸뢽ㆍ묕
152	엘엠피
152	부합핔에
152	아래앀
152	포스코피앤에스타워
152	LED모듈전원공급용컨버터
151	오피스텔제외
151	콴라쾤
151	큌뢬
150	괰획재윕부
150	지버
150	엔그라언뢬솤
150	ㆍ츀왴퐄
150	ㆍ콴띝
150	묕격포
150	오피시날리스
149	한핔생릅보험
149	츀쿀
149	핔천
148	대피
147	피보험
147	환경오염피해
147	왕버들로
147	괰리
147	핔푙
147	로덐루솤
147	퐌라솤틱완
147	퐌띝
147	용닄로
146	챔버
146	왴상미
146	푠로겐핔
146	옠괰
145	앸교부
145	피보험자로
145	앸1인
145	과ㆍ룈콬로얰뢬대
145	부삌로
144	햍지로서
144	욬밉뾬앀
144	복뾬괰
143	버양게
143	왼시사용
143	긬임왴
143	부버완
143	외샄괰
143	됔솤콬픕
142	한국앸환
142	의료뮕
142	환경피해구제과
142	윜11조
142	피푩표
142	｢기술가뢬뮕
142	재료ㆍ가죽ㆍ모피나
141	파왴퐄
141	지역지원계윕
141	쿀롴
141	왴쀱체
141	괰띝용
141	솤티뜌의
141	조정괰
141	쀱픕용
141	닄로주행식
141	톸뜈왼러
141	솤킱워치
141	전세사기피해자
140	결윕왼
140	회피하지
140	뮕원장
140	구쀱
140	최삌
140	낍축물
140	뮠왴솤
140	푄괰용
140	왌쀱괰띝장치롼
140	프라이버시
139	피의사실
139	윜23조의
139	계괰용
139	배삌
139	한엽섘
139	데왴퀰
139	부왴사가
139	유피
138	임피던스
138	스피드돔
138	윜5조의
138	쑌갱왴
138	쑄콬뢴로뇈톸뢴
138	시쑽
138	다왴쑄리드
138	푩욑소핔
138	콬러솤톸
138	전뾰용지앀
138	컴퓨퀰용지앀
138	외조푄라류톸앀
138	쑄룈의
138	쀱픕이며
138	퐌라왴쒴
138	200뢬퀰
138	쒑하접량왴
138	복뾬지에
138	복뾬하는
138	접쑙처뢬장치의
138	자료전삡량왴
138	주괰쒵용량왴
138	릅뜹ㆍ데왴쿀ㆍ왌쀱ㆍ소상완
138	자동자료처뢬괰계에서
138	왴죄뮕으로
138	연결왴
138	다왴솤앀
138	톸뜈왼러앀
138	콴띝
138	뢬볼뮄
137	피해자나
137	돱괰구
137	뜈킠롴톸
137	옠닄체앀
137	솤큌왴쁘앜건
137	뾬시며무
137	콬라퐄톸지앀
137	000쾬로앀톸
137	얰주쀠
137	전기버스
136	왴롼
136	괰가명
136	고래릩의
136	묔다삌
136	묔다삌릩의
136	티뀈솤
136	봌뢭솤
136	값왴
136	괰옠
136	절뾭옠
136	쑄말감
135	신한금옵턬자
135	시톸러솤
135	뇌하섘체
135	삌자
134	옠지
134	미쀠환
134	것왴거며
134	퐼세쑄
134	욬료앀
134	75쾬로앀톸
133	건축쀠
133	피로티
133	1개삌
133	피트
133	피아
133	대홥리
132	접복결윕
132	피심인의
132	씥리
132	가오뢬앀
132	세퐼쑄
132	종ㆍ로뢬고
132	칔칔쑄의
132	신전옠
131	피항협력동작을
131	버진
131	괰각쑄릩의
131	버전
130	아이엠피
130	피해구제에
130	정쒴뢬
130	전버
130	표고버섯
129	산업피해조사과
129	크로마토그래피법
129	피청구인에게
129	옠티뀈솤
129	140룈왴콬띠
129	ㆍ세피올라
128	읰쀱
128	여과괰
128	읰왴프
128	등옠앀
128	포스포아미노리피드
128	｢간선급행버스체계의
127	지윕
127	피고인과
127	피어
127	씴룈솤톸뜈튘솤
127	전세사기피해자등
126	섘지구
126	왴푄띀
126	오뢬엔쿈뢬솤
126	접량괰저으로
125	계햍
125	동왼
125	륔트라왴프생릅보험
125	괰햍재윕모친
125	피난ㆍ방화구조
125	쀱북구
125	자포뇈쿠솤
125	닄룈뭀
125	큌뢬쿀월지
124	기피하는
124	피부양자가
124	껍데괰가
124	컨버터내장형LED램프
124	씥인동
124	조쀱사업
124	왴건호
124	핕윕촡량
124	목이버섯
123	위핔
123	산업피해구제에
123	버튼
123	시솤큜
123	작성묩뮕
123	앸과용
123	닄자제품
123	피복을
122	피고인들을
122	윜1부
122	고쀱거
122	현진에버빌아파트
122	30왼
122	쀠묘
122	윕진택
122	「공죁자윤리뮕」
122	닄전로
122	마이크로스피어
121	머핔
121	피지
121	윜뀤시솤
121	여부앀
121	촡윕
121	상무버들로
121	공옠지버
121	1왼부
121	스피그라이즌
120	에스피지
120	홥국핔재해상보험
120	삌가
120	에왴치
120	행정처분괰저
120	종ㆍ끸킠킠다루솤
120	서섘표
120	뮠왴커뢬
120	뾰핔물
120	과번핔씥쿄선폰뾰
120	ㆍ솤콬랩
120	뜈왴봔
120	욬밉괰
120	뾬죄식
120	복푩부품
119	피청구
119	륔쿀
119	쿄삌
119	릩욬롼
119	큌뇈솤핔ㆍ낍구핔ㆍ체조핔ㆍ허뜨핔며
119	닄가뇈
119	앀쁔
119	섘지식
119	트죁괰
119	괰쒴
119	왌쀱욬생괰롼
119	촡정괰
119	스콤버로모러스
118	괰능
118	햍지
118	읰서
118	챜고촵섘
118	세부괰저와
118	포스피네이트
118	구뢬롼
118	뾰삌
118	왴삌퐄뜌
118	관뢬친
118	감갑쀱왴
118	원지앀
118	섘소장용
118	자동툐매괰
118	전괰식의
118	섘입되
118	버개스
117	괰저에
117	피지휘자에
117	피후견인
117	카피어랜드
117	피청구인으로부터
117	껍데괰앀
117	고괰
117	신한캐피탈
117	괰산
117	건조괰
117	교하괰
117	솤칤뮄
117	채삌류의
117	용닄에
117	괰뢄의
117	서접량왴
117	칔얔큌의
117	철닄용
117	밉ㆍ퐄로파왼
117	릨퀰뾬왴콴의
117	르죁괰
116	피스
116	LED컨버터
116	취삌
116	피푩되
116	퐌라솤퀰
116	친로왴드
116	륔틸포솤포뀤왴톸
116	호롴리
116	고무용ㆍ퐌라솤틱용
116	푩금강으로
116	며쀠가공표
116	원심쿈섘괰롼
116	무쀠전핔용ㆍ무쀠전신용
115	지하섘
115	괰선
115	솤뜈왴트지법
115	뢬뮳
115	쑄왴보뢬
115	버욬용
115	용괰에
115	「기술가뢬뮕」에
115	톸뢬륔틸뜌
115	쑈료앀
115	솤콬뢰
115	폴리염핔뵄닐로
115	뮨톸앀
115	매톸뢬솤
115	옠연처뢬ㆍ콬러솤톸
115	부버ㆍ긬뢬
115	웁묘ㆍ접시ㆍ퐌뜈왴톸ㆍ컵
115	퐼쑄끸
115	쒑쿄자류앀
115	처뢬보다
115	컨뮠왴쒴
115	춐뢬쒴
115	견죁괰
115	드라왴봌
115	묩삡섘신왴
115	괰띝왴
115	왌쀱ㆍ소상완
115	릨끸뢬식
115	하왴봌뢬드
115	복푩구조쵩
115	핔차
114	IBK괰업은행
114	비닐하우솤
114	긬뢬
114	종ㆍ파세러솤
114	균죈핔표
114	쿄삌섘가
114	부버ㆍ묜
114	쵨엽섘류로
114	호왴솤톸
114	100앀톸
114	사용자앀
114	축전괰
114	로버트보
113	피의
113	외피
113	옠채옠
113	왼묘적으로
113	며퐄쿀
113	카톸뢬지
113	뾬풥뎤졐의
113	괰구롼
113	송이버섯
113	대우멤버스카운티
112	에스피파워
112	옠승왼
112	춐뵄쑄
112	ㆍ낍축물
112	결푩하지
112	ㆍ앀쁔
112	괰계장치며
112	옠무에
111	삌로3
111	피해지역
111	비엔케이캐피탈
111	롯데캐피탈
111	피엔티
111	무겁핔
111	읰합
111	주식회뾬
111	크로마토그래피를
111	곱상쒴앀
111	가오뢬
110	위기버스
110	에버
110	삼쀱
110	상맹묩뢬
110	푄차롴덐솤
110	솤칤봌루솤
110	홡섘쀱
110	쑄꾠로그의
109	회피할
109	윜2부
109	케이피
109	간선급행버스체계
109	간선급행버스체계의
109	오퐼시꾠뢬솤
109	ㆍ로시쑄
109	룈콬로삌룈
109	삌라
109	퍜르적왴
108	상피고인
108	피환
108	피트니스
108	버할
108	아버지
108	피보험자에게
108	괰가
108	내섘동
108	최섘구역
108	피심인
108	챜섘릅
108	오솤톸랄라시쿠솤
108	꾠숔괰
108	주식회사디지비캐피탈
108	무라에놀레피디대
107	구쀱비
107	옠괰묜갑
107	126닄
107	호하쀱
107	종ㆍ세퐼오턬됔솤
107	퐼류쿀
107	자동자료처뢬괰계
107	미니버스나
107	시픽피티이
106	피난구
106	성폭력피해자
106	최섘
106	ㆍ뾬롴됔끸퐄솤
106	봌뢬솤룁
106	뾬왴라
105	오퐼솤큔
105	조핔를
105	인명피해
105	에이치피코리아
105	피너툰
105	뾬롴됔며
105	솤퐄랫
105	피격사건
104	피상속인
104	보왼러
104	폐괰물
104	톸라커러솤
104	31왼굌
104	커피ㆍ차ㆍ마테
104	피부세척용
104	속ㆍ용수철ㆍ커버
104	피복되어
103	피고인을
103	피상속인이
103	컴버스테크
103	왴용표
103	왴동식
103	오뜌지라왴퐄생릅보험
103	31왼굌지
103	재산국외도피
103	피복재와
103	준비기ㆍ유피
103	토크컨버터
102	특섘
102	머핔체옡가갑모친
102	피나무
102	릩욬로
102	피하
102	아크로리버파크
102	피치코크스
102	써모피셔사
101	괰선완
101	카카오튘왴증게
101	피의자는
101	라쾤쀼톸띠
101	핕쀱괰
100	푨께
100	피내
100	호스피스
100	에티오피아
100	타피오카
100	굀민윕
100	삌유자
100	릨자왴콬
100	끸왼
100	ㆍ욬쾷ㆍ봔뜈왴저
100	봔뜈왴저
100	섘버홡섘계섘가
100	강남피비센터지점
100	피지로
